ID, Fullname
0, Lý Văn Đạt
1, Võ Thúy Trang
2, Trần Anh Đạt
3, Lê Minh Thành
4, Hồ Thúy Long
5, Võ Văn Đạt
6, Võ Thị Thành
7, Lý Hoàng Bảo Thành
8, Nguyễn Minh Long
9, Lý Thúy Đạt
10, Lý Minh Thành
11, Võ Thúy Thành
12, Lý Thúy Trang
13, Lý Thúy Trang
14, Hồ Anh Long
15, Lý Thúy Thành
16, Lý Hoàng Bảo Đạt
17, Trần Văn Long
18, Lý Thị Thành
19, Hồ Minh Thành
20, Nguyễn Thúy Trang
21, Hồ Thúy Đạt
22, Nguyễn Anh Thành
23, Võ Anh Long
24, Lý Thị Long
25, Lý Thị Long
26, Hồ Minh Thành
27, Hồ Minh Thành
28, Trần Hoàng Bảo Long
29, Trần Văn Long
30, Hồ Anh Long
31, Nguyễn Văn Đạt
32, Nguyễn Hoàng Bảo Đạt
33, Trần Minh Đạt
34, Lê Anh Trang
35, Võ Thúy Trang
36, Hồ Thị Thành
37, Võ Văn Thành
38, Nguyễn Hoàng Bảo Trang
39, Lý Hoàng Bảo Đạt
40, Trần Thị Trang
41, Lê Văn Đạt
42, Võ Anh Đạt
43, Lý Hoàng Bảo Đạt
44, Hồ Anh Đạt
45, Võ Anh Trang
46, Nguyễn Thị Long
47, Lê Minh Thành
48, Hồ Anh Thành
49, Trần Minh Đạt
50, Hồ Thúy Thành
51, Nguyễn Minh Đạt
52, Trần Văn Thành
53, Trần Thị Thành
54, Lê Minh Long
55, Võ Anh Đạt
56, Trần Văn Đạt
57, Hồ Anh Đạt
58, Lý Anh Đạt
59, Trần Thị Long
60, Lê Thúy Trang
61, Võ Hoàng Bảo Trang
62, Trần Thị Thành
63, Hồ Hoàng Bảo Trang
64, Lê Minh Long
65, Võ Thị Đạt
66, Võ Minh Thành
67, Võ Thúy Đạt
68, Trần Minh Thành
69, Lê Thúy Thành
70, Lý Thị Đạt
71, Võ Hoàng Bảo Đạt
72, Lê Văn Long
73, Lê Hoàng Bảo Trang
74, Lê Minh Long
75, Hồ Hoàng Bảo Trang
76, Hồ Văn Trang
77, Lý Minh Long
78, Lê Hoàng Bảo Trang
79, Nguyễn Anh Đạt
80, Trần Thúy Đạt
81, Lý Thị Long
82, Nguyễn Anh Long
83, Lý Anh Long
84, Lý Minh Long
85, Lê Thị Long
86, Nguyễn Minh Thành
87, Lê Anh Long
88, Võ Hoàng Bảo Đạt
89, Trần Anh Trang
90, Nguyễn Thị Trang
91, Trần Văn Thành
92, Lê Thị Đạt
93, Lê Minh Long
94, Hồ Anh Trang
95, Trần Thúy Thành
96, Nguyễn Thúy Đạt
97, Nguyễn Hoàng Bảo Thành
98, Hồ Anh Đạt
99, Lê Hoàng Bảo Trang
100, Hồ Thị Trang
101, Nguyễn Thị Trang
102, Lý Minh Long
103, Trần Hoàng Bảo Đạt
104, Nguyễn Văn Long
105, Võ Thị Long
106, Võ Văn Trang
107, Trần Hoàng Bảo Long
108, Trần Hoàng Bảo Thành
109, Võ Minh Thành
110, Lê Anh Thành
111, Hồ Thị Long
112, Trần Văn Long
113, Lê Hoàng Bảo Trang
114, Lý Thúy Trang
115, Lê Thị Đạt
116, Lý Hoàng Bảo Thành
117, Lý Văn Long
118, Lê Minh Trang
119, Hồ Thị Trang
120, Võ Thúy Trang
121, Võ Văn Đạt
122, Hồ Thúy Trang
123, Võ Thúy Trang
124, Nguyễn Văn Long
125, Hồ Thị Đạt
126, Lê Thúy Đạt
127, Lý Thúy Long
128, Lý Hoàng Bảo Đạt
129, Trần Hoàng Bảo Trang
130, Lê Thị Long
131, Hồ Văn Trang
132, Trần Thị Trang
133, Võ Anh Long
134, Lý Hoàng Bảo Trang
135, Trần Văn Đạt
136, Nguyễn Văn Long
137, Trần Thị Trang
138, Lê Anh Long
139, Võ Thúy Long
140, Hồ Thúy Đạt
141, Trần Minh Trang
142, Trần Văn Trang
143, Võ Thúy Đạt
144, Nguyễn Hoàng Bảo Trang
145, Lý Hoàng Bảo Thành
146, Lê Thúy Long
147, Lê Minh Trang
148, Lý Hoàng Bảo Thành
149, Võ Minh Trang
150, Lê Minh Long
151, Lý Hoàng Bảo Đạt
152, Trần Thúy Long
153, Hồ Thúy Thành
154, Võ Hoàng Bảo Đạt
155, Lý Thúy Long
156, Hồ Minh Đạt
157, Lý Thúy Trang
158, Nguyễn Minh Trang
159, Lý Anh Trang
160, Lê Thúy Long
161, Lý Anh Trang
162, Lý Thị Thành
163, Nguyễn Thị Long
164, Lê Minh Thành
165, Nguyễn Thị Trang
166, Lý Hoàng Bảo Đạt
167, Lê Hoàng Bảo Đạt
168, Nguyễn Thị Trang
169, Hồ Thúy Đạt
170, Trần Hoàng Bảo Trang
171, Lê Thị Trang
172, Nguyễn Minh Long
173, Võ Anh Đạt
174, Trần Hoàng Bảo Thành
175, Trần Anh Thành
176, Nguyễn Thúy Thành
177, Lê Thị Đạt
178, Nguyễn Hoàng Bảo Thành
179, Trần Thị Trang
180, Lê Minh Trang
181, Lê Thị Trang
182, Hồ Hoàng Bảo Đạt
183, Trần Minh Đạt
184, Trần Văn Trang
185, Hồ Hoàng Bảo Thành
186, Võ Hoàng Bảo Trang
187, Trần Thị Long
188, Nguyễn Hoàng Bảo Đạt
189, Lý Hoàng Bảo Đạt
190, Võ Hoàng Bảo Trang
191, Lê Anh Trang
192, Võ Hoàng Bảo Đạt
193, Nguyễn Minh Long
194, Lý Thúy Long
195, Nguyễn Anh Thành
196, Nguyễn Văn Trang
197, Nguyễn Minh Long
198, Hồ Thúy Thành
199, Lê Thị Trang
200, Võ Minh Long
201, Nguyễn Anh Long
202, Lý Thúy Đạt
203, Lê Anh Thành
204, Nguyễn Minh Thành
205, Hồ Thúy Trang
206, Lê Thị Thành
207, Hồ Thúy Đạt
208, Lý Thúy Thành
209, Trần Anh Long
210, Hồ Thúy Long
211, Nguyễn Văn Đạt
212, Võ Thúy Đạt
213, Lý Minh Thành
214, Hồ Anh Long
215, Trần Minh Thành
216, Nguyễn Anh Đạt
217, Võ Hoàng Bảo Thành
218, Võ Hoàng Bảo Đạt
219, Võ Thúy Long
220, Hồ Hoàng Bảo Long
221, Lê Thị Long
222, Trần Anh Thành
223, Trần Văn Thành
224, Nguyễn Văn Đạt
225, Trần Hoàng Bảo Đạt
226, Lý Thúy Long
227, Nguyễn Minh Long
228, Võ Anh Thành
229, Trần Văn Trang
230, Hồ Hoàng Bảo Thành
231, Nguyễn Thị Trang
232, Lê Thúy Trang
233, Lê Văn Thành
234, Lý Thị Trang
235, Trần Minh Thành
236, Lý Văn Trang
237, Võ Văn Long
238, Nguyễn Thúy Long
239, Trần Minh Trang
240, Trần Anh Đạt
241, Trần Thúy Thành
242, Trần Minh Thành
243, Võ Minh Trang
244, Trần Minh Thành
245, Hồ Thị Thành
246, Trần Văn Trang
247, Hồ Thúy Trang
248, Võ Thị Thành
249, Lê Minh Đạt
250, Lý Thúy Long
251, Nguyễn Thúy Long
252, Lê Anh Long
253, Lý Minh Thành
254, Nguyễn Văn Trang
255, Lê Minh Trang
256, Lý Minh Đạt
257, Hồ Văn Đạt
258, Hồ Minh Thành
259, Trần Văn Long
260, Trần Thúy Đạt
261, Võ Anh Long
262, Võ Thị Trang
263, Võ Thị Trang
264, Hồ Hoàng Bảo Trang
265, Lý Thúy Long
266, Võ Hoàng Bảo Long
267, Trần Thúy Đạt
268, Võ Anh Long
269, Hồ Minh Trang
270, Nguyễn Thúy Long
271, Lê Minh Long
272, Võ Minh Đạt
273, Lê Thúy Trang
274, Trần Minh Trang
275, Trần Minh Đạt
276, Trần Thị Trang
277, Võ Văn Long
278, Trần Thúy Đạt
279, Nguyễn Văn Thành
280, Võ Thúy Đạt
281, Lê Minh Long
282, Lê Anh Đạt
283, Trần Hoàng Bảo Trang
284, Nguyễn Văn Trang
285, Trần Thúy Thành
286, Nguyễn Hoàng Bảo Trang
287, Hồ Văn Đạt
288, Trần Văn Đạt
289, Hồ Minh Thành
290, Võ Thị Thành
291, Trần Hoàng Bảo Trang
292, Nguyễn Anh Đạt
293, Nguyễn Minh Đạt
294, Lý Thúy Thành
295, Hồ Thị Thành
296, Nguyễn Văn Đạt
297, Nguyễn Hoàng Bảo Thành
298, Trần Thúy Đạt
299, Võ Anh Thành
300, Hồ Hoàng Bảo Long
301, Hồ Anh Long
302, Lý Thúy Trang
303, Trần Minh Long
304, Lý Thị Đạt
305, Hồ Thị Trang
306, Lý Hoàng Bảo Thành
307, Hồ Thúy Long
308, Trần Thúy Thành
309, Võ Thị Thành
310, Trần Hoàng Bảo Đạt
311, Nguyễn Anh Trang
312, Lê Thị Long
313, Lý Thị Long
314, Lý Anh Trang
315, Lê Thúy Thành
316, Nguyễn Minh Thành
317, Trần Thúy Long
318, Nguyễn Thúy Thành
319, Lê Minh Đạt
320, Hồ Anh Trang
321, Hồ Hoàng Bảo Đạt
322, Lê Anh Đạt
323, Hồ Thúy Trang
324, Nguyễn Thị Thành
325, Nguyễn Thị Long
326, Lý Thị Trang
327, Võ Văn Long
328, Trần Hoàng Bảo Đạt
329, Lê Anh Đạt
330, Trần Hoàng Bảo Thành
331, Trần Thị Long
332, Hồ Hoàng Bảo Long
333, Lý Minh Đạt
334, Lý Anh Trang
335, Võ Minh Trang
336, Hồ Hoàng Bảo Thành
337, Hồ Thúy Đạt
338, Trần Anh Thành
339, Lê Văn Đạt
340, Võ Văn Thành
341, Nguyễn Hoàng Bảo Đạt
342, Trần Hoàng Bảo Trang
343, Nguyễn Thúy Trang
344, Võ Thị Đạt
345, Trần Hoàng Bảo Long
346, Lê Anh Long
347, Hồ Văn Long
348, Nguyễn Minh Thành
349, Lê Anh Đạt
350, Trần Hoàng Bảo Trang
351, Lý Văn Trang
352, Trần Thị Đạt
353, Lý Thúy Trang
354, Lê Anh Long
355, Lê Văn Thành
356, Hồ Thị Đạt
357, Lý Anh Đạt
358, Trần Thị Đạt
359, Võ Thị Thành
360, Trần Hoàng Bảo Đạt
361, Hồ Văn Trang
362, Trần Minh Long
363, Nguyễn Hoàng Bảo Thành
364, Nguyễn Hoàng Bảo Đạt
365, Trần Thúy Trang
366, Trần Văn Thành
367, Hồ Văn Long
368, Lý Thị Trang
369, Võ Thị Long
370, Võ Thị Long
371, Nguyễn Văn Long
372, Trần Thị Long
373, Lê Thị Thành
374, Lý Văn Long
375, Võ Thúy Đạt
376, Nguyễn Thúy Đạt
377, Lý Thị Trang
378, Nguyễn Hoàng Bảo Thành
379, Lê Văn Trang
380, Võ Thúy Thành
381, Trần Thị Trang
382, Nguyễn Anh Đạt
383, Lý Anh Đạt
384, Hồ Văn Trang
385, Võ Thị Trang
386, Võ Văn Trang
387, Lê Anh Thành
388, Lý Hoàng Bảo Long
389, Nguyễn Minh Thành
390, Trần Thị Đạt
391, Lý Văn Trang
392, Lý Thị Long
393, Võ Thị Thành
394, Lý Văn Thành
395, Lý Văn Long
396, Nguyễn Hoàng Bảo Đạt
397, Lý Văn Long
398, Võ Văn Long
399, Lê Anh Trang
400, Võ Văn Đạt
401, Hồ Thúy Long
402, Lê Minh Long
403, Nguyễn Minh Long
404, Võ Anh Đạt
405, Võ Thúy Đạt
406, Trần Văn Đạt
407, Lê Minh Thành
408, Lý Hoàng Bảo Trang
409, Lý Thúy Đạt
410, Võ Thị Thành
411, Trần Minh Đạt
412, Nguyễn Văn Trang
413, Nguyễn Văn Thành
414, Lý Anh Đạt
415, Trần Anh Trang
416, Lê Hoàng Bảo Thành
417, Nguyễn Thị Thành
418, Trần Văn Trang
419, Lý Thị Long
420, Trần Thị Đạt
421, Võ Thúy Đạt
422, Trần Thúy Trang
423, Võ Anh Thành
424, Võ Thị Trang
425, Nguyễn Thúy Đạt
426, Lý Văn Long
427, Võ Thị Thành
428, Trần Thúy Thành
429, Nguyễn Anh Đạt
430, Trần Thúy Thành
431, Hồ Minh Long
432, Hồ Văn Trang
433, Hồ Văn Đạt
434, Trần Văn Long
435, Hồ Hoàng Bảo Đạt
436, Nguyễn Hoàng Bảo Long
437, Lý Minh Đạt
438, Lý Thị Long
439, Nguyễn Văn Trang
440, Võ Thị Trang
441, Lê Thúy Đạt
442, Hồ Minh Đạt
443, Lê Minh Trang
444, Hồ Anh Trang
445, Võ Hoàng Bảo Trang
446, Nguyễn Minh Long
447, Lê Anh Đạt
448, Nguyễn Minh Trang
449, Nguyễn Thúy Trang
450, Trần Văn Long
451, Võ Anh Long
452, Võ Thị Đạt
453, Lý Văn Đạt
454, Hồ Thị Long
455, Hồ Anh Trang
456, Lý Thị Trang
457, Võ Anh Thành
458, Lý Hoàng Bảo Long
459, Hồ Minh Trang
460, Lý Anh Long
461, Hồ Anh Thành
462, Trần Minh Thành
463, Võ Văn Đạt
464, Nguyễn Minh Thành
465, Trần Hoàng Bảo Long
466, Lý Thúy Trang
467, Lý Văn Thành
468, Hồ Minh Long
469, Lê Văn Long
470, Lý Thúy Đạt
471, Trần Hoàng Bảo Đạt
472, Trần Minh Thành
473, Hồ Minh Đạt
474, Hồ Hoàng Bảo Đạt
475, Lý Văn Thành
476, Võ Thúy Long
477, Nguyễn Thúy Trang
478, Võ Anh Đạt
479, Trần Thị Đạt
480, Hồ Văn Đạt
481, Trần Thúy Long
482, Lý Minh Long
483, Lý Thúy Đạt
484, Trần Thị Trang
485, Lý Minh Trang
486, Hồ Minh Trang
487, Hồ Thúy Long
488, Lý Minh Đạt
489, Nguyễn Văn Long
490, Hồ Minh Đạt
491, Lê Thúy Đạt
492, Trần Hoàng Bảo Đạt
493, Trần Thị Đạt
494, Lý Anh Long
495, Võ Thúy Trang
496, Trần Anh Long
497, Võ Anh Thành
498, Lê Minh Đạt
499, Lý Anh Trang
500, Nguyễn Thúy Đạt
501, Hồ Văn Trang
502, Nguyễn Hoàng Bảo Đạt
503, Lê Văn Long
504, Lý Hoàng Bảo Đạt
505, Lê Minh Long
506, Lý Minh Trang
507, Hồ Thúy Trang
508, Lê Văn Thành
509, Nguyễn Văn Thành
510, Lý Thúy Trang
511, Võ Thúy Trang
512, Lê Thị Trang
513, Trần Thị Thành
514, Lê Văn Đạt
515, Lê Minh Long
516, Lý Anh Đạt
517, Võ Thúy Thành
518, Hồ Minh Trang
519, Võ Anh Trang
520, Võ Văn Thành
521, Lê Thị Đạt
522, Lý Minh Trang
523, Trần Văn Thành
524, Trần Hoàng Bảo Long
525, Lê Thị Trang
526, Võ Văn Thành
527, Lê Thúy Thành
528, Lê Anh Trang
529, Võ Văn Đạt
530, Nguyễn Văn Long
531, Trần Thúy Long
532, Nguyễn Văn Thành
533, Hồ Hoàng Bảo Đạt
534, Nguyễn Văn Long
535, Lê Văn Trang
536, Trần Văn Trang
537, Trần Hoàng Bảo Thành
538, Trần Văn Trang
539, Lý Minh Thành
540, Hồ Thị Trang
541, Trần Hoàng Bảo Long
542, Nguyễn Văn Đạt
543, Trần Thị Trang
544, Nguyễn Minh Đạt
545, Hồ Hoàng Bảo Trang
546, Võ Văn Đạt
547, Lê Minh Trang
548, Nguyễn Anh Long
549, Trần Thị Đạt
550, Hồ Văn Thành
551, Lý Thúy Đạt
552, Lý Thúy Trang
553, Trần Thị Trang
554, Nguyễn Thúy Đạt
555, Hồ Minh Trang
556, Hồ Văn Thành
557, Hồ Thúy Đạt
558, Hồ Thúy Trang
559, Lê Thúy Trang
560, Hồ Văn Trang
561, Hồ Hoàng Bảo Long
562, Lý Thị Thành
563, Võ Thúy Trang
564, Lê Anh Trang
565, Võ Hoàng Bảo Đạt
566, Hồ Thị Trang
567, Võ Văn Thành
568, Lý Minh Đạt
569, Nguyễn Anh Long
570, Võ Văn Long
571, Nguyễn Thúy Thành
572, Lý Thị Trang
573, Trần Hoàng Bảo Trang
574, Trần Hoàng Bảo Thành
575, Nguyễn Thúy Trang
576, Lý Văn Thành
577, Trần Văn Long
578, Hồ Minh Thành
579, Võ Anh Long
580, Hồ Thị Đạt
581, Trần Minh Thành
582, Võ Anh Trang
583, Hồ Thúy Long
584, Nguyễn Thúy Đạt
585, Hồ Thúy Trang
586, Hồ Thúy Đạt
587, Hồ Minh Thành
588, Lê Thúy Trang
589, Võ Thúy Trang
590, Lý Anh Trang
591, Hồ Thị Thành
592, Lý Thúy Đạt
593, Trần Thúy Trang
594, Lê Thị Long
595, Lý Anh Long
596, Nguyễn Anh Thành
597, Võ Anh Đạt
598, Hồ Hoàng Bảo Thành
599, Trần Minh Đạt
600, Hồ Thúy Thành
601, Trần Thị Trang
602, Lý Hoàng Bảo Trang
603, Hồ Thị Long
604, Võ Minh Đạt
605, Võ Thị Trang
606, Lê Minh Trang
607, Lê Hoàng Bảo Thành
608, Lê Thị Trang
609, Võ Thúy Đạt
610, Hồ Thúy Long
611, Lý Hoàng Bảo Thành
612, Nguyễn Văn Thành
613, Võ Thị Thành
614, Lý Hoàng Bảo Trang
615, Lý Thúy Thành
616, Võ Anh Thành
617, Lý Thúy Đạt
618, Võ Văn Trang
619, Lê Văn Đạt
620, Võ Thị Trang
621, Lê Thúy Thành
622, Lê Thị Long
623, Lê Anh Thành
624, Nguyễn Hoàng Bảo Long
625, Trần Hoàng Bảo Trang
626, Nguyễn Hoàng Bảo Đạt
627, Lý Thị Đạt
628, Lý Anh Long
629, Nguyễn Anh Trang
630, Lý Anh Long
631, Nguyễn Anh Thành
632, Võ Hoàng Bảo Long
633, Lê Hoàng Bảo Thành
634, Hồ Thúy Long
635, Võ Anh Đạt
636, Lê Văn Trang
637, Trần Văn Trang
638, Trần Thị Long
639, Nguyễn Hoàng Bảo Đạt
640, Lê Thị Trang
641, Hồ Thị Đạt
642, Nguyễn Anh Thành
643, Hồ Anh Long
644, Nguyễn Thị Long
645, Võ Anh Long
646, Lê Hoàng Bảo Trang
647, Võ Thúy Long
648, Lê Thị Long
649, Lê Thị Trang
650, Lý Hoàng Bảo Thành
651, Võ Anh Đạt
652, Lý Hoàng Bảo Thành
653, Trần Văn Thành
654, Nguyễn Minh Long
655, Trần Minh Long
656, Võ Thị Long
657, Hồ Thúy Long
658, Võ Minh Trang
659, Lý Anh Trang
660, Nguyễn Anh Long
661, Lý Minh Long
662, Nguyễn Hoàng Bảo Đạt
663, Trần Anh Long
664, Nguyễn Hoàng Bảo Thành
665, Lý Thúy Thành
666, Lý Văn Thành
667, Lê Minh Trang
668, Nguyễn Thị Long
669, Trần Minh Đạt
670, Võ Minh Đạt
671, Võ Thị Trang
672, Trần Văn Thành
673, Võ Hoàng Bảo Trang
674, Lý Thúy Trang
675, Trần Anh Long
676, Trần Hoàng Bảo Long
677, Hồ Hoàng Bảo Thành
678, Trần Thị Long
679, Hồ Thúy Đạt
680, Trần Văn Long
681, Trần Minh Long
682, Võ Hoàng Bảo Trang
683, Nguyễn Văn Long
684, Võ Anh Trang
685, Trần Văn Đạt
686, Võ Văn Trang
687, Hồ Hoàng Bảo Đạt
688, Lê Văn Đạt
689, Lê Minh Trang
690, Nguyễn Anh Thành
691, Lý Thúy Trang
692, Lê Anh Long
693, Lý Thị Thành
694, Nguyễn Thúy Trang
695, Lý Hoàng Bảo Thành
696, Hồ Hoàng Bảo Đạt
697, Nguyễn Minh Thành
698, Võ Anh Thành
699, Trần Hoàng Bảo Trang
700, Trần Thúy Long
701, Hồ Minh Thành
702, Trần Văn Long
703, Hồ Anh Đạt
704, Trần Anh Long
705, Hồ Anh Long
706, Lê Hoàng Bảo Đạt
707, Hồ Thị Long
708, Lê Thị Đạt
709, Hồ Anh Trang
710, Lý Hoàng Bảo Thành
711, Nguyễn Thị Long
712, Lý Anh Trang
713, Lý Văn Long
714, Lý Thúy Đạt
715, Võ Văn Long
716, Nguyễn Thị Đạt
717, Nguyễn Văn Đạt
718, Nguyễn Thúy Thành
719, Hồ Thúy Trang
720, Trần Hoàng Bảo Thành
721, Trần Hoàng Bảo Trang
722, Nguyễn Văn Trang
723, Lê Văn Long
724, Nguyễn Hoàng Bảo Trang
725, Lý Hoàng Bảo Trang
726, Lê Hoàng Bảo Trang
727, Lý Thị Long
728, Lý Anh Trang
729, Lý Minh Đạt
730, Lý Văn Long
731, Trần Thúy Long
732, Hồ Minh Long
733, Trần Văn Long
734, Võ Anh Thành
735, Nguyễn Thúy Đạt
736, Trần Hoàng Bảo Long
737, Trần Thúy Trang
738, Trần Văn Trang
739, Nguyễn Văn Trang
740, Hồ Thị Thành
741, Lý Thúy Đạt
742, Võ Anh Trang
743, Trần Minh Long
744, Trần Minh Long
745, Lý Thúy Trang
746, Hồ Thị Đạt
747, Hồ Hoàng Bảo Long
748, Lê Thị Long
749, Lý Thị Đạt
750, Võ Hoàng Bảo Long
751, Hồ Thúy Thành
752, Võ Minh Long
753, Trần Anh Đạt
754, Lý Thị Đạt
755, Trần Anh Đạt
756, Nguyễn Văn Đạt
757, Lý Thị Trang
758, Hồ Thị Đạt
759, Võ Hoàng Bảo Thành
760, Trần Hoàng Bảo Long
761, Lê Thúy Long
762, Lê Thúy Thành
763, Võ Anh Trang
764, Lý Thúy Đạt
765, Hồ Hoàng Bảo Long
766, Lý Anh Thành
767, Hồ Minh Đạt
768, Lý Thị Long
769, Lý Minh Đạt
770, Trần Minh Thành
771, Lê Anh Thành
772, Nguyễn Hoàng Bảo Thành
773, Lý Thị Đạt
774, Trần Minh Đạt
775, Lê Thị Đạt
776, Lý Anh Thành
777, Hồ Văn Thành
778, Hồ Anh Thành
779, Hồ Văn Đạt
780, Hồ Minh Đạt
781, Nguyễn Anh Trang
782, Võ Văn Thành
783, Lê Minh Long
784, Nguyễn Anh Thành
785, Lê Thúy Đạt
786, Nguyễn Anh Long
787, Võ Văn Thành
788, Lý Văn Thành
789, Hồ Văn Long
790, Nguyễn Anh Trang
791, Lê Văn Trang
792, Trần Thúy Long
793, Lý Thị Long
794, Lý Thị Thành
795, Võ Minh Long
796, Lê Thúy Trang
797, Trần Hoàng Bảo Long
798, Lê Thị Thành
799, Hồ Anh Thành
800, Lê Thị Đạt
801, Nguyễn Hoàng Bảo Trang
802, Nguyễn Anh Long
803, Trần Anh Thành
804, Võ Văn Thành
805, Lê Văn Long
806, Hồ Văn Trang
807, Lê Văn Đạt
808, Lý Minh Trang
809, Lý Anh Đạt
810, Hồ Anh Thành
811, Lê Hoàng Bảo Thành
812, Võ Hoàng Bảo Đạt
813, Võ Văn Thành
814, Lý Anh Thành
815, Lê Thúy Long
816, Lê Văn Thành
817, Nguyễn Anh Thành
818, Trần Văn Đạt
819, Nguyễn Thúy Thành
820, Trần Anh Thành
821, Võ Văn Thành
822, Võ Thúy Long
823, Hồ Anh Long
824, Hồ Hoàng Bảo Thành
825, Võ Thị Đạt
826, Trần Minh Thành
827, Hồ Văn Thành
828, Lê Minh Long
829, Nguyễn Thúy Thành
830, Lê Thị Thành
831, Lê Văn Trang
832, Lê Thị Trang
833, Trần Thúy Trang
834, Nguyễn Hoàng Bảo Long
835, Trần Văn Trang
836, Nguyễn Thúy Long
837, Hồ Văn Long
838, Nguyễn Văn Thành
839, Trần Văn Long
840, Lý Minh Thành
841, Võ Minh Trang
842, Lê Anh Trang
843, Lê Minh Trang
844, Nguyễn Hoàng Bảo Thành
845, Võ Thị Long
846, Trần Thị Thành
847, Trần Thị Đạt
848, Võ Văn Long
849, Lý Hoàng Bảo Trang
850, Nguyễn Minh Thành
851, Nguyễn Minh Trang
852, Nguyễn Thị Đạt
853, Trần Thị Đạt
854, Trần Thị Long
855, Lý Minh Thành
856, Trần Văn Trang
857, Hồ Anh Thành
858, Võ Minh Long
859, Trần Minh Thành
860, Trần Thúy Đạt
861, Nguyễn Anh Trang
862, Võ Anh Thành
863, Hồ Anh Long
864, Võ Minh Thành
865, Võ Hoàng Bảo Thành
866, Võ Minh Thành
867, Lê Thúy Long
868, Lê Thúy Đạt
869, Lý Minh Đạt
870, Võ Văn Long
871, Trần Thúy Đạt
872, Lý Thị Long
873, Hồ Thúy Đạt
874, Nguyễn Anh Thành
875, Lê Thúy Thành
876, Hồ Anh Thành
877, Lê Thị Long
878, Võ Anh Đạt
879, Nguyễn Thị Long
880, Trần Minh Long
881, Võ Văn Thành
882, Trần Thúy Trang
883, Võ Hoàng Bảo Thành
884, Lý Anh Trang
885, Võ Minh Trang
886, Lê Thị Thành
887, Nguyễn Văn Trang
888, Nguyễn Thúy Trang
889, Võ Minh Long
890, Lý Thúy Đạt
891, Võ Anh Đạt
892, Nguyễn Văn Đạt
893, Lê Minh Thành
894, Võ Thị Thành
895, Lý Thị Đạt
896, Hồ Thúy Thành
897, Võ Minh Long
898, Nguyễn Thị Long
899, Trần Hoàng Bảo Thành
900, Lý Anh Long
901, Lý Anh Long
902, Lê Thị Trang
903, Võ Thị Thành
904, Trần Thúy Thành
905, Trần Anh Đạt
906, Võ Thị Thành
907, Trần Minh Đạt
908, Võ Anh Trang
909, Nguyễn Anh Thành
910, Lý Thị Trang
911, Hồ Hoàng Bảo Đạt
912, Nguyễn Hoàng Bảo Thành
913, Trần Thúy Thành
914, Nguyễn Văn Long
915, Trần Anh Trang
916, Võ Hoàng Bảo Trang
917, Hồ Văn Long
918, Nguyễn Hoàng Bảo Long
919, Hồ Văn Trang
920, Nguyễn Hoàng Bảo Trang
921, Trần Hoàng Bảo Thành
922, Võ Minh Thành
923, Trần Thị Trang
924, Lý Văn Trang
925, Lê Hoàng Bảo Long
926, Hồ Văn Trang
927, Võ Hoàng Bảo Đạt
928, Lý Minh Trang
929, Lý Minh Long
930, Võ Anh Trang
931, Lý Hoàng Bảo Long
932, Trần Thúy Trang
933, Trần Hoàng Bảo Long
934, Võ Văn Trang
935, Nguyễn Hoàng Bảo Long
936, Nguyễn Thúy Long
937, Nguyễn Thúy Thành
938, Nguyễn Thị Đạt
939, Võ Thị Trang
940, Hồ Thị Thành
941, Nguyễn Thúy Long
942, Hồ Minh Đạt
943, Trần Văn Thành
944, Lê Anh Trang
945, Trần Minh Thành
946, Lê Thúy Đạt
947, Lê Văn Đạt
948, Hồ Hoàng Bảo Thành
949, Trần Hoàng Bảo Đạt
950, Nguyễn Văn Long
951, Hồ Thúy Thành
952, Lý Thúy Thành
953, Nguyễn Anh Trang
954, Trần Minh Trang
955, Võ Minh Long
956, Lê Thị Trang
957, Trần Hoàng Bảo Trang
958, Lý Anh Đạt
959, Nguyễn Minh Trang
960, Trần Thúy Đạt
961, Lý Thị Trang
962, Nguyễn Hoàng Bảo Thành
963, Hồ Văn Trang
964, Võ Minh Trang
965, Lê Thúy Thành
966, Lý Thị Thành
967, Hồ Anh Đạt
968, Lý Thị Long
969, Hồ Anh Trang
970, Lý Anh Đạt
971, Nguyễn Văn Long
972, Trần Thúy Trang
973, Lê Minh Thành
974, Lý Thị Long
975, Nguyễn Văn Long
976, Hồ Hoàng Bảo Thành
977, Hồ Hoàng Bảo Thành
978, Lê Văn Long
979, Lê Thúy Đạt
980, Nguyễn Hoàng Bảo Trang
981, Hồ Văn Trang
982, Trần Minh Long
983, Trần Anh Thành
984, Võ Văn Thành
985, Lê Hoàng Bảo Trang
986, Lê Thúy Đạt
987, Nguyễn Hoàng Bảo Đạt
988, Lý Hoàng Bảo Long
989, Nguyễn Minh Long
990, Nguyễn Thị Đạt
991, Võ Anh Trang
992, Lê Hoàng Bảo Long
993, Nguyễn Thúy Long
994, Lý Văn Đạt
995, Võ Thúy Thành
996, Lê Thị Thành
997, Hồ Thúy Thành
998, Võ Thị Thành
999, Võ Thúy Long
1000, Hồ Thúy Trang
1001, Võ Anh Trang
1002, Lý Hoàng Bảo Đạt
1003, Lê Thúy Đạt
1004, Nguyễn Anh Trang
1005, Võ Thúy Thành
1006, Lê Minh Trang
1007, Lê Minh Long
1008, Trần Thị Trang
1009, Lý Hoàng Bảo Đạt
1010, Lê Văn Long
1011, Lê Thị Trang
1012, Võ Minh Trang
1013, Lê Minh Long
1014, Trần Thúy Thành
1015, Lý Anh Long
1016, Lê Thị Thành
1017, Lý Văn Trang
1018, Nguyễn Minh Trang
1019, Lý Văn Trang
1020, Lê Thúy Thành
1021, Võ Anh Đạt
1022, Võ Thúy Long
1023, Lý Anh Thành
1024, Lý Thúy Đạt
1025, Nguyễn Minh Thành
1026, Võ Anh Trang
1027, Trần Văn Thành
1028, Lý Văn Đạt
1029, Võ Văn Trang
1030, Trần Thúy Thành
1031, Trần Anh Thành
1032, Hồ Thúy Long
1033, Lý Văn Trang
1034, Hồ Thúy Đạt
1035, Hồ Thị Đạt
1036, Lý Hoàng Bảo Đạt
1037, Võ Thị Đạt
1038, Lê Văn Long
1039, Võ Thúy Long
1040, Lê Văn Thành
1041, Hồ Thị Thành
1042, Trần Văn Long
1043, Lý Thị Trang
1044, Hồ Minh Long
1045, Trần Minh Thành
1046, Nguyễn Văn Long
1047, Võ Hoàng Bảo Long
1048, Hồ Anh Long
1049, Hồ Thị Đạt
1050, Trần Thúy Thành
1051, Nguyễn Hoàng Bảo Thành
1052, Nguyễn Thị Đạt
1053, Hồ Hoàng Bảo Đạt
1054, Nguyễn Minh Đạt
1055, Nguyễn Anh Đạt
1056, Lê Thúy Thành
1057, Lý Văn Long
1058, Hồ Thị Long
1059, Hồ Thị Thành
1060, Trần Hoàng Bảo Thành
1061, Võ Hoàng Bảo Thành
1062, Lê Minh Long
1063, Lê Minh Long
1064, Lê Anh Trang
1065, Trần Minh Long
1066, Trần Thị Long
1067, Nguyễn Thị Trang
1068, Lê Văn Đạt
1069, Hồ Hoàng Bảo Trang
1070, Lý Văn Trang
1071, Nguyễn Văn Đạt
1072, Nguyễn Thị Trang
1073, Lê Anh Long
1074, Võ Hoàng Bảo Thành
1075, Nguyễn Hoàng Bảo Thành
1076, Trần Minh Trang
1077, Trần Thị Đạt
1078, Nguyễn Anh Long
1079, Lý Anh Trang
1080, Lý Hoàng Bảo Long
1081, Lý Thị Đạt
1082, Trần Thị Trang
1083, Lê Hoàng Bảo Long
1084, Lê Thúy Đạt
1085, Hồ Hoàng Bảo Đạt
1086, Hồ Hoàng Bảo Đạt
1087, Hồ Thúy Đạt
1088, Trần Văn Long
1089, Võ Anh Thành
1090, Lê Minh Long
1091, Hồ Văn Đạt
1092, Lý Minh Long
1093, Lý Hoàng Bảo Long
1094, Nguyễn Minh Đạt
1095, Lê Thúy Đạt
1096, Lý Anh Trang
1097, Lý Thị Long
1098, Lý Anh Trang
1099, Lê Anh Long
1100, Nguyễn Hoàng Bảo Long
1101, Hồ Minh Thành
1102, Trần Thúy Thành
1103, Võ Hoàng Bảo Trang
1104, Trần Minh Long
1105, Võ Văn Long
1106, Lý Hoàng Bảo Trang
1107, Nguyễn Anh Long
1108, Võ Thị Trang
1109, Trần Minh Trang
1110, Trần Văn Long
1111, Lý Minh Đạt
1112, Võ Văn Trang
1113, Võ Hoàng Bảo Long
1114, Võ Thúy Trang
1115, Nguyễn Văn Long
1116, Trần Minh Trang
1117, Trần Thị Đạt
1118, Lý Văn Đạt
1119, Võ Minh Long
1120, Trần Thị Đạt
1121, Lý Minh Trang
1122, Lý Hoàng Bảo Trang
1123, Võ Thị Đạt
1124, Võ Anh Trang
1125, Võ Văn Đạt
1126, Hồ Anh Thành
1127, Nguyễn Thị Đạt
1128, Võ Anh Đạt
1129, Hồ Văn Đạt
1130, Trần Anh Đạt
1131, Lê Anh Trang
1132, Nguyễn Thị Long
1133, Nguyễn Thị Thành
1134, Trần Thị Long
1135, Trần Thúy Long
1136, Hồ Thúy Đạt
1137, Nguyễn Thúy Đạt
1138, Nguyễn Văn Trang
1139, Nguyễn Thị Trang
1140, Lý Hoàng Bảo Trang
1141, Lê Thúy Trang
1142, Trần Thúy Trang
1143, Võ Hoàng Bảo Thành
1144, Võ Văn Long
1145, Lê Hoàng Bảo Long
1146, Võ Hoàng Bảo Trang
1147, Trần Minh Đạt
1148, Lý Văn Long
1149, Hồ Thúy Trang
1150, Trần Hoàng Bảo Đạt
1151, Nguyễn Thị Thành
1152, Võ Thị Đạt
1153, Lê Thị Thành
1154, Nguyễn Thị Thành
1155, Lê Hoàng Bảo Đạt
1156, Hồ Thúy Long
1157, Trần Thúy Đạt
1158, Hồ Hoàng Bảo Long
1159, Trần Minh Đạt
1160, Võ Thúy Thành
1161, Võ Thúy Trang
1162, Võ Minh Thành
1163, Hồ Hoàng Bảo Long
1164, Lý Anh Long
1165, Nguyễn Thị Long
1166, Lê Thị Thành
1167, Trần Minh Đạt
1168, Nguyễn Thúy Đạt
1169, Trần Hoàng Bảo Trang
1170, Võ Thúy Trang
1171, Trần Văn Trang
1172, Lý Anh Đạt
1173, Lê Hoàng Bảo Trang
1174, Hồ Văn Thành
1175, Lê Anh Trang
1176, Lý Thúy Long
1177, Lý Hoàng Bảo Đạt
1178, Lê Minh Trang
1179, Lý Thị Thành
1180, Nguyễn Hoàng Bảo Trang
1181, Lê Thị Thành
1182, Lê Văn Long
1183, Lê Anh Thành
1184, Trần Hoàng Bảo Đạt
1185, Võ Văn Thành
1186, Trần Anh Long
1187, Lý Minh Trang
1188, Lê Thị Long
1189, Lê Thị Đạt
1190, Lý Văn Thành
1191, Lê Văn Trang
1192, Võ Thúy Trang
1193, Võ Minh Đạt
1194, Lê Minh Thành
1195, Lý Văn Long
1196, Nguyễn Thị Long
1197, Hồ Hoàng Bảo Long
1198, Trần Văn Thành
1199, Hồ Hoàng Bảo Thành
1200, Võ Anh Thành
1201, Võ Thúy Đạt
1202, Trần Anh Đạt
1203, Lý Anh Thành
1204, Nguyễn Anh Long
1205, Võ Hoàng Bảo Thành
1206, Võ Thúy Đạt
1207, Lý Anh Trang
1208, Võ Thị Long
1209, Trần Anh Thành
1210, Võ Hoàng Bảo Đạt
1211, Trần Văn Thành
1212, Nguyễn Anh Long
1213, Võ Anh Long
1214, Lê Anh Thành
1215, Hồ Văn Long
1216, Võ Văn Long
1217, Hồ Minh Thành
1218, Lê Anh Thành
1219, Nguyễn Anh Đạt
1220, Trần Hoàng Bảo Thành
1221, Nguyễn Minh Trang
1222, Lý Anh Long
1223, Trần Thị Thành
1224, Hồ Anh Đạt
1225, Lý Anh Thành
1226, Võ Văn Đạt
1227, Nguyễn Văn Long
1228, Trần Hoàng Bảo Đạt
1229, Hồ Thị Đạt
1230, Lê Anh Thành
1231, Võ Minh Đạt
1232, Lý Hoàng Bảo Trang
1233, Võ Thúy Long
1234, Trần Minh Trang
1235, Hồ Minh Thành
1236, Lý Thúy Đạt
1237, Nguyễn Minh Trang
1238, Trần Thị Trang
1239, Lý Thị Trang
1240, Lê Hoàng Bảo Long
1241, Lê Thúy Đạt
1242, Trần Thúy Thành
1243, Hồ Hoàng Bảo Đạt
1244, Lý Minh Thành
1245, Nguyễn Hoàng Bảo Long
1246, Lý Thị Thành
1247, Trần Thúy Trang
1248, Lý Anh Trang
1249, Hồ Minh Trang
1250, Lê Thúy Thành
1251, Lý Thúy Long
1252, Lê Thị Đạt
1253, Võ Văn Đạt
1254, Võ Văn Trang
1255, Lê Hoàng Bảo Thành
1256, Nguyễn Minh Trang
1257, Võ Anh Thành
1258, Võ Văn Long
1259, Trần Minh Đạt
1260, Lý Hoàng Bảo Thành
1261, Nguyễn Văn Trang
1262, Lê Hoàng Bảo Đạt
1263, Hồ Anh Long
1264, Nguyễn Anh Trang
1265, Lý Văn Thành
1266, Hồ Anh Thành
1267, Lý Thúy Long
1268, Võ Văn Long
1269, Lê Thúy Trang
1270, Võ Thúy Thành
1271, Trần Thị Long
1272, Trần Văn Long
1273, Nguyễn Minh Thành
1274, Nguyễn Minh Trang
1275, Lý Hoàng Bảo Thành
1276, Võ Thúy Long
1277, Võ Thị Thành
1278, Nguyễn Thị Đạt
1279, Lê Thúy Đạt
1280, Võ Minh Đạt
1281, Trần Minh Long
1282, Trần Thúy Trang
1283, Lê Văn Long
1284, Nguyễn Minh Long
1285, Hồ Văn Đạt
1286, Lý Minh Long
1287, Trần Anh Trang
1288, Võ Văn Thành
1289, Hồ Hoàng Bảo Long
1290, Nguyễn Anh Trang
1291, Nguyễn Thúy Đạt
1292, Nguyễn Minh Long
1293, Nguyễn Hoàng Bảo Long
1294, Trần Văn Long
1295, Hồ Văn Thành
1296, Lê Thúy Trang
1297, Nguyễn Hoàng Bảo Đạt
1298, Nguyễn Anh Trang
1299, Nguyễn Minh Long
1300, Trần Thúy Thành
1301, Trần Thị Trang
1302, Lê Anh Thành
1303, Võ Minh Long
1304, Lê Thúy Đạt
1305, Lê Thúy Đạt
1306, Trần Văn Đạt
1307, Võ Thị Đạt
1308, Trần Văn Thành
1309, Nguyễn Minh Đạt
1310, Lý Thúy Đạt
1311, Võ Thúy Long
1312, Lê Thị Thành
1313, Hồ Thúy Trang
1314, Trần Anh Long
1315, Nguyễn Văn Long
1316, Trần Thị Thành
1317, Hồ Hoàng Bảo Trang
1318, Trần Anh Long
1319, Hồ Hoàng Bảo Thành
1320, Lý Thúy Trang
1321, Hồ Anh Long
1322, Hồ Hoàng Bảo Trang
1323, Nguyễn Văn Thành
1324, Trần Minh Thành
1325, Nguyễn Minh Trang
1326, Trần Thị Trang
1327, Võ Thị Trang
1328, Lê Anh Trang
1329, Lê Văn Trang
1330, Lý Văn Long
1331, Võ Thúy Trang
1332, Nguyễn Minh Thành
1333, Võ Hoàng Bảo Trang
1334, Trần Thúy Long
1335, Nguyễn Anh Đạt
1336, Hồ Thị Long
1337, Võ Hoàng Bảo Đạt
1338, Lý Thúy Trang
1339, Hồ Thị Trang
1340, Nguyễn Văn Trang
1341, Lê Thị Thành
1342, Nguyễn Hoàng Bảo Thành
1343, Hồ Anh Đạt
1344, Võ Văn Long
1345, Hồ Thúy Trang
1346, Lê Thị Trang
1347, Nguyễn Minh Long
1348, Võ Minh Trang
1349, Trần Văn Long
1350, Nguyễn Hoàng Bảo Trang
1351, Trần Thúy Thành
1352, Lý Minh Đạt
1353, Trần Hoàng Bảo Đạt
1354, Nguyễn Hoàng Bảo Thành
1355, Trần Hoàng Bảo Đạt
1356, Lý Văn Trang
1357, Võ Văn Trang
1358, Võ Anh Đạt
1359, Lý Anh Long
1360, Trần Thị Trang
1361, Lê Minh Long
1362, Lý Minh Trang
1363, Nguyễn Văn Long
1364, Nguyễn Thị Long
1365, Võ Minh Thành
1366, Lý Thị Trang
1367, Lý Thị Trang
1368, Võ Văn Đạt
1369, Lý Thúy Long
1370, Lý Anh Đạt
1371, Lý Minh Đạt
1372, Lý Thị Long
1373, Hồ Minh Trang
1374, Trần Thúy Đạt
1375, Võ Anh Thành
1376, Võ Văn Thành
1377, Võ Hoàng Bảo Thành
1378, Lê Văn Đạt
1379, Võ Anh Trang
1380, Trần Minh Thành
1381, Võ Anh Thành
1382, Trần Anh Thành
1383, Lê Thị Thành
1384, Trần Thúy Trang
1385, Lê Thị Long
1386, Lý Thị Thành
1387, Lê Minh Trang
1388, Hồ Văn Trang
1389, Nguyễn Thúy Thành
1390, Trần Thị Đạt
1391, Trần Hoàng Bảo Đạt
1392, Nguyễn Thị Long
1393, Lê Văn Trang
1394, Võ Thị Trang
1395, Hồ Hoàng Bảo Trang
1396, Lê Anh Thành
1397, Võ Hoàng Bảo Long
1398, Lê Hoàng Bảo Đạt
1399, Nguyễn Hoàng Bảo Đạt
1400, Lê Thúy Trang
1401, Hồ Anh Thành
1402, Võ Thị Thành
1403, Lê Văn Trang
1404, Võ Anh Thành
1405, Lý Văn Trang
1406, Lê Văn Đạt
1407, Trần Thúy Long
1408, Lê Anh Thành
1409, Võ Thúy Đạt
1410, Nguyễn Anh Đạt
1411, Võ Thúy Thành
1412, Nguyễn Anh Trang
1413, Hồ Anh Thành
1414, Nguyễn Anh Thành
1415, Lê Minh Thành
1416, Hồ Minh Đạt
1417, Lê Văn Long
1418, Lê Minh Thành
1419, Võ Thúy Trang
1420, Nguyễn Minh Đạt
1421, Lê Thị Trang
1422, Lê Văn Thành
1423, Hồ Văn Đạt
1424, Lê Văn Thành
1425, Trần Minh Trang
1426, Lý Minh Thành
1427, Hồ Thúy Đạt
1428, Lý Anh Long
1429, Lê Thúy Long
1430, Nguyễn Thúy Đạt
1431, Trần Thúy Long
1432, Hồ Hoàng Bảo Thành
1433, Lê Văn Thành
1434, Trần Văn Đạt
1435, Trần Minh Đạt
1436, Võ Anh Thành
1437, Nguyễn Hoàng Bảo Long
1438, Lý Thúy Đạt
1439, Hồ Thúy Đạt
1440, Hồ Hoàng Bảo Thành
1441, Lý Thúy Long
1442, Lý Văn Thành
1443, Lý Anh Long
1444, Lý Thúy Thành
1445, Hồ Văn Đạt
1446, Hồ Anh Long
1447, Hồ Minh Long
1448, Lê Anh Thành
1449, Trần Hoàng Bảo Trang
1450, Nguyễn Minh Đạt
1451, Trần Văn Long
1452, Hồ Hoàng Bảo Trang
1453, Lý Thị Trang
1454, Trần Thị Thành
1455, Võ Minh Thành
1456, Lê Văn Trang
1457, Hồ Hoàng Bảo Thành
1458, Lê Hoàng Bảo Thành
1459, Hồ Minh Thành
1460, Lê Hoàng Bảo Long
1461, Hồ Anh Đạt
1462, Võ Thị Long
1463, Võ Minh Đạt
1464, Trần Thị Long
1465, Lý Minh Đạt
1466, Lê Văn Trang
1467, Hồ Thúy Đạt
1468, Lê Thị Đạt
1469, Lê Minh Đạt
1470, Trần Anh Đạt
1471, Hồ Thúy Thành
1472, Võ Anh Thành
1473, Trần Thị Đạt
1474, Lê Hoàng Bảo Long
1475, Lý Thị Đạt
1476, Nguyễn Minh Đạt
1477, Hồ Hoàng Bảo Đạt
1478, Trần Hoàng Bảo Long
1479, Lê Thúy Trang
1480, Lý Hoàng Bảo Trang
1481, Lê Văn Trang
1482, Nguyễn Minh Thành
1483, Lê Thị Trang
1484, Nguyễn Hoàng Bảo Thành
1485, Hồ Minh Trang
1486, Trần Văn Đạt
1487, Võ Thị Trang
1488, Nguyễn Thúy Thành
1489, Lý Thị Đạt
1490, Trần Anh Trang
1491, Trần Anh Trang
1492, Võ Thị Đạt
1493, Lê Thị Đạt
1494, Lê Anh Long
1495, Trần Hoàng Bảo Long
1496, Nguyễn Thị Thành
1497, Trần Thị Thành
1498, Võ Văn Trang
1499, Nguyễn Anh Trang
1500, Nguyễn Minh Thành
1501, Trần Văn Thành
1502, Hồ Anh Trang
1503, Hồ Hoàng Bảo Thành
1504, Trần Thúy Đạt
1505, Hồ Minh Long
1506, Hồ Văn Trang
1507, Lê Thị Đạt
1508, Võ Anh Thành
1509, Lý Văn Thành
1510, Trần Anh Thành
1511, Trần Thị Trang
1512, Lê Anh Thành
1513, Lê Thị Thành
1514, Võ Văn Trang
1515, Võ Minh Đạt
1516, Lý Minh Đạt
1517, Lý Thúy Trang
1518, Lê Anh Long
1519, Lê Văn Long
1520, Trần Minh Trang
1521, Lê Văn Đạt
1522, Hồ Thúy Thành
1523, Hồ Minh Trang
1524, Lý Anh Đạt
1525, Võ Thúy Long
1526, Lý Minh Đạt
1527, Hồ Minh Đạt
1528, Lý Hoàng Bảo Đạt
1529, Trần Anh Đạt
1530, Trần Văn Đạt
1531, Lê Hoàng Bảo Thành
1532, Trần Thị Trang
1533, Võ Thị Đạt
1534, Võ Minh Long
1535, Nguyễn Thị Đạt
1536, Lý Văn Trang
1537, Hồ Minh Đạt
1538, Lê Thị Long
1539, Võ Thúy Trang
1540, Hồ Anh Đạt
1541, Lý Thị Đạt
1542, Hồ Thị Long
1543, Nguyễn Thị Trang
1544, Trần Thúy Trang
1545, Lê Hoàng Bảo Thành
1546, Võ Văn Đạt
1547, Nguyễn Minh Trang
1548, Trần Thúy Thành
1549, Lê Thị Đạt
1550, Lý Văn Long
1551, Lê Thúy Trang
1552, Hồ Anh Long
1553, Lê Hoàng Bảo Trang
1554, Nguyễn Văn Đạt
1555, Hồ Minh Đạt
1556, Hồ Thúy Thành
1557, Võ Văn Đạt
1558, Hồ Thúy Long
1559, Võ Thị Long
1560, Lê Anh Trang
1561, Nguyễn Minh Thành
1562, Lý Văn Trang
1563, Võ Thị Long
1564, Võ Thúy Trang
1565, Hồ Văn Đạt
1566, Trần Minh Thành
1567, Nguyễn Văn Long
1568, Lý Anh Trang
1569, Nguyễn Minh Long
1570, Nguyễn Thúy Thành
1571, Lê Thúy Đạt
1572, Hồ Thị Đạt
1573, Lê Minh Long
1574, Hồ Thị Thành
1575, Hồ Anh Thành
1576, Nguyễn Anh Đạt
1577, Hồ Thúy Đạt
1578, Lê Minh Trang
1579, Trần Anh Long
1580, Lý Minh Đạt
1581, Lê Thúy Thành
1582, Lý Hoàng Bảo Long
1583, Võ Văn Thành
1584, Võ Thị Đạt
1585, Nguyễn Minh Trang
1586, Hồ Hoàng Bảo Long
1587, Võ Anh Đạt
1588, Nguyễn Anh Trang
1589, Võ Minh Thành
1590, Lý Thị Trang
1591, Trần Anh Đạt
1592, Nguyễn Văn Trang
1593, Lê Thị Trang
1594, Nguyễn Văn Đạt
1595, Trần Thúy Thành
1596, Hồ Thúy Trang
1597, Nguyễn Văn Long
1598, Nguyễn Văn Trang
1599, Nguyễn Hoàng Bảo Trang
1600, Lý Anh Trang
1601, Hồ Anh Thành
1602, Hồ Văn Trang
1603, Hồ Văn Thành
1604, Hồ Văn Trang
1605, Nguyễn Thúy Thành
1606, Lê Anh Long
1607, Trần Anh Đạt
1608, Hồ Anh Đạt
1609, Lý Minh Trang
1610, Lê Văn Đạt
1611, Trần Thị Đạt
1612, Hồ Hoàng Bảo Trang
1613, Trần Hoàng Bảo Thành
1614, Võ Hoàng Bảo Đạt
1615, Võ Thị Trang
1616, Võ Anh Thành
1617, Lý Anh Long
1618, Võ Văn Long
1619, Võ Anh Thành
1620, Nguyễn Thúy Trang
1621, Lý Thúy Đạt
1622, Võ Hoàng Bảo Đạt
1623, Võ Hoàng Bảo Trang
1624, Trần Thúy Thành
1625, Nguyễn Văn Long
1626, Lý Thúy Thành
1627, Lý Hoàng Bảo Đạt
1628, Lý Hoàng Bảo Đạt
1629, Lê Thị Long
1630, Nguyễn Hoàng Bảo Long
1631, Hồ Thị Trang
1632, Trần Thúy Long
1633, Trần Thị Đạt
1634, Hồ Anh Đạt
1635, Lý Minh Long
1636, Hồ Văn Thành
1637, Võ Văn Thành
1638, Hồ Thị Thành
1639, Lê Thúy Đạt
1640, Lê Hoàng Bảo Trang
1641, Nguyễn Minh Thành
1642, Võ Hoàng Bảo Thành
1643, Trần Văn Long
1644, Lý Minh Long
1645, Trần Văn Trang
1646, Võ Anh Đạt
1647, Trần Thúy Long
1648, Lý Thúy Đạt
1649, Lê Anh Thành
1650, Nguyễn Anh Đạt
1651, Võ Anh Đạt
1652, Hồ Thị Long
1653, Hồ Minh Trang
1654, Lý Thị Đạt
1655, Võ Thị Thành
1656, Lý Thị Đạt
1657, Nguyễn Thúy Long
1658, Lê Minh Thành
1659, Trần Minh Thành
1660, Võ Minh Long
1661, Hồ Anh Long
1662, Trần Hoàng Bảo Trang
1663, Lý Minh Thành
1664, Võ Minh Đạt
1665, Hồ Hoàng Bảo Trang
1666, Hồ Hoàng Bảo Trang
1667, Hồ Thúy Đạt
1668, Lý Anh Thành
1669, Trần Thị Trang
1670, Võ Thúy Đạt
1671, Trần Thúy Thành
1672, Nguyễn Minh Long
1673, Hồ Hoàng Bảo Trang
1674, Hồ Thị Đạt
1675, Trần Hoàng Bảo Trang
1676, Lý Anh Long
1677, Lý Anh Thành
1678, Lý Hoàng Bảo Đạt
1679, Võ Minh Trang
1680, Nguyễn Thúy Thành
1681, Lý Minh Trang
1682, Võ Thị Đạt
1683, Hồ Minh Thành
1684, Hồ Thúy Đạt
1685, Võ Thúy Thành
1686, Trần Anh Thành
1687, Nguyễn Thúy Trang
1688, Trần Thị Long
1689, Lý Minh Trang
1690, Lê Văn Đạt
1691, Võ Anh Long
1692, Trần Minh Trang
1693, Lê Văn Long
1694, Lý Minh Trang
1695, Võ Thúy Trang
1696, Trần Thị Trang
1697, Trần Minh Trang
1698, Nguyễn Minh Thành
1699, Võ Minh Long
1700, Trần Thúy Long
1701, Lê Minh Trang
1702, Hồ Hoàng Bảo Thành
1703, Lê Anh Trang
1704, Lý Văn Đạt
1705, Lê Minh Thành
1706, Nguyễn Văn Long
1707, Lê Thúy Long
1708, Trần Minh Thành
1709, Lý Minh Thành
1710, Võ Minh Long
1711, Võ Thúy Thành
1712, Nguyễn Văn Long
1713, Nguyễn Anh Đạt
1714, Trần Thúy Trang
1715, Trần Văn Trang
1716, Trần Văn Long
1717, Võ Văn Thành
1718, Trần Thúy Đạt
1719, Nguyễn Anh Thành
1720, Võ Thúy Trang
1721, Trần Minh Long
1722, Hồ Thị Đạt
1723, Nguyễn Thị Trang
1724, Hồ Anh Thành
1725, Lê Hoàng Bảo Thành
1726, Võ Hoàng Bảo Thành
1727, Trần Thị Long
1728, Hồ Minh Thành
1729, Hồ Thúy Trang
1730, Nguyễn Minh Đạt
1731, Lê Minh Trang
1732, Hồ Minh Thành
1733, Nguyễn Văn Thành
1734, Võ Thị Trang
1735, Võ Thúy Đạt
1736, Lê Thị Đạt
1737, Trần Thúy Đạt
1738, Lý Anh Trang
1739, Hồ Anh Thành
1740, Nguyễn Thúy Đạt
1741, Lý Thị Đạt
1742, Lê Minh Trang
1743, Hồ Thúy Long
1744, Trần Văn Thành
1745, Lê Thị Long
1746, Võ Minh Thành
1747, Hồ Văn Trang
1748, Trần Văn Trang
1749, Võ Văn Đạt
1750, Nguyễn Văn Đạt
1751, Nguyễn Thúy Đạt
1752, Nguyễn Thị Long
1753, Võ Thúy Trang
1754, Lý Hoàng Bảo Thành
1755, Lý Thị Thành
1756, Võ Anh Thành
1757, Lê Thúy Long
1758, Hồ Minh Trang
1759, Võ Minh Long
1760, Lý Văn Trang
1761, Trần Minh Long
1762, Võ Minh Trang
1763, Lý Văn Đạt
1764, Võ Hoàng Bảo Thành
1765, Võ Anh Long
1766, Trần Hoàng Bảo Trang
1767, Hồ Hoàng Bảo Thành
1768, Lê Thị Long
1769, Nguyễn Minh Trang
1770, Nguyễn Thúy Trang
1771, Trần Văn Long
1772, Hồ Thị Long
1773, Hồ Hoàng Bảo Trang
1774, Lê Anh Thành
1775, Lê Minh Trang
1776, Trần Minh Thành
1777, Lý Hoàng Bảo Đạt
1778, Lý Anh Trang
1779, Hồ Thúy Đạt
1780, Lê Văn Long
1781, Nguyễn Thúy Đạt
1782, Nguyễn Thị Trang
1783, Lê Thúy Đạt
1784, Lê Thúy Thành
1785, Võ Văn Trang
1786, Hồ Thị Thành
1787, Trần Hoàng Bảo Long
1788, Võ Văn Thành
1789, Trần Thị Trang
1790, Lê Hoàng Bảo Đạt
1791, Lý Anh Trang
1792, Lê Minh Trang
1793, Hồ Văn Trang
1794, Lê Minh Đạt
1795, Võ Hoàng Bảo Thành
1796, Lê Văn Trang
1797, Lê Thị Thành
1798, Trần Văn Thành
1799, Trần Thị Đạt
1800, Võ Văn Long
1801, Nguyễn Văn Thành
1802, Trần Anh Đạt
1803, Lý Văn Long
1804, Lê Anh Đạt
1805, Lý Hoàng Bảo Đạt
1806, Hồ Thúy Đạt
1807, Hồ Văn Đạt
1808, Nguyễn Thị Đạt
1809, Nguyễn Hoàng Bảo Thành
1810, Trần Văn Long
1811, Lê Minh Thành
1812, Nguyễn Thị Trang
1813, Trần Thúy Trang
1814, Hồ Minh Đạt
1815, Nguyễn Thúy Thành
1816, Trần Minh Trang
1817, Trần Thị Thành
1818, Lê Hoàng Bảo Đạt
1819, Nguyễn Thúy Thành
1820, Võ Thị Trang
1821, Lý Thúy Thành
1822, Võ Văn Đạt
1823, Võ Minh Đạt
1824, Lý Anh Đạt
1825, Võ Văn Thành
1826, Lý Văn Đạt
1827, Lê Hoàng Bảo Trang
1828, Trần Minh Thành
1829, Võ Minh Đạt
1830, Lý Hoàng Bảo Đạt
1831, Lý Thúy Thành
1832, Trần Hoàng Bảo Long
1833, Hồ Thúy Đạt
1834, Hồ Thị Thành
1835, Nguyễn Minh Trang
1836, Trần Thị Trang
1837, Lê Thúy Long
1838, Võ Thúy Long
1839, Võ Thúy Long
1840, Nguyễn Văn Thành
1841, Lê Văn Long
1842, Lý Hoàng Bảo Đạt
1843, Hồ Hoàng Bảo Trang
1844, Trần Thúy Trang
1845, Lý Minh Long
1846, Lý Anh Trang
1847, Nguyễn Anh Trang
1848, Trần Thị Long
1849, Lê Thị Trang
1850, Nguyễn Văn Thành
1851, Lê Thị Long
1852, Hồ Văn Trang
1853, Nguyễn Thị Thành
1854, Lê Văn Thành
1855, Hồ Thị Thành
1856, Võ Thúy Long
1857, Lý Văn Long
1858, Lê Anh Đạt
1859, Lê Thúy Thành
1860, Võ Minh Thành
1861, Nguyễn Anh Long
1862, Lê Minh Đạt
1863, Hồ Hoàng Bảo Trang
1864, Trần Anh Đạt
1865, Lý Anh Long
1866, Trần Thúy Thành
1867, Nguyễn Minh Trang
1868, Lê Văn Thành
1869, Võ Anh Đạt
1870, Trần Hoàng Bảo Trang
1871, Nguyễn Thúy Đạt
1872, Trần Thị Trang
1873, Lê Anh Trang
1874, Lê Thị Trang
1875, Lê Hoàng Bảo Long
1876, Lê Anh Đạt
1877, Võ Văn Long
1878, Nguyễn Hoàng Bảo Thành
1879, Nguyễn Thúy Long
1880, Lê Văn Trang
1881, Lý Thúy Đạt
1882, Võ Văn Long
1883, Hồ Thị Thành
1884, Lê Thị Đạt
1885, Lý Thị Long
1886, Lê Văn Thành
1887, Hồ Thúy Trang
1888, Nguyễn Minh Long
1889, Lê Thị Đạt
1890, Trần Minh Trang
1891, Lý Văn Đạt
1892, Trần Thị Đạt
1893, Lý Văn Long
1894, Lý Thị Thành
1895, Lê Anh Long
1896, Hồ Thị Thành
1897, Nguyễn Minh Long
1898, Hồ Văn Long
1899, Nguyễn Hoàng Bảo Đạt
1900, Lý Hoàng Bảo Trang
1901, Võ Thị Đạt
1902, Trần Văn Đạt
1903, Lý Hoàng Bảo Thành
1904, Nguyễn Hoàng Bảo Đạt
1905, Nguyễn Anh Long
1906, Trần Văn Long
1907, Nguyễn Thị Long
1908, Võ Thúy Long
1909, Võ Hoàng Bảo Trang
1910, Võ Văn Trang
1911, Võ Văn Thành
1912, Trần Minh Trang
1913, Nguyễn Hoàng Bảo Thành
1914, Lê Văn Long
1915, Võ Hoàng Bảo Đạt
1916, Lê Văn Long
1917, Lê Hoàng Bảo Trang
1918, Lý Thúy Đạt
1919, Lý Anh Thành
1920, Lê Minh Long
1921, Hồ Hoàng Bảo Trang
1922, Lý Thị Đạt
1923, Lý Văn Trang
1924, Võ Thúy Long
1925, Hồ Văn Thành
1926, Lý Hoàng Bảo Thành
1927, Lê Minh Long
1928, Lý Thúy Long
1929, Trần Thúy Long
1930, Lý Hoàng Bảo Trang
1931, Nguyễn Thị Long
1932, Hồ Thị Long
1933, Trần Thúy Long
1934, Lý Thị Đạt
1935, Võ Minh Trang
1936, Trần Thị Trang
1937, Hồ Văn Thành
1938, Nguyễn Văn Đạt
1939, Võ Anh Trang
1940, Trần Anh Long
1941, Lê Văn Đạt
1942, Hồ Văn Thành
1943, Trần Thị Thành
1944, Võ Thị Long
1945, Lê Hoàng Bảo Đạt
1946, Lê Thị Trang
1947, Nguyễn Văn Đạt
1948, Trần Hoàng Bảo Trang
1949, Lê Anh Thành
1950, Lý Văn Thành
1951, Trần Văn Đạt
1952, Lê Thúy Thành
1953, Lý Anh Đạt
1954, Hồ Anh Thành
1955, Nguyễn Hoàng Bảo Thành
1956, Hồ Minh Long
1957, Trần Thị Trang
1958, Lê Hoàng Bảo Trang
1959, Lê Anh Thành
1960, Trần Minh Trang
1961, Trần Văn Trang
1962, Nguyễn Hoàng Bảo Trang
1963, Lý Hoàng Bảo Đạt
1964, Lê Văn Đạt
1965, Trần Thị Trang
1966, Trần Anh Trang
1967, Nguyễn Thị Long
1968, Hồ Hoàng Bảo Long
1969, Võ Minh Đạt
1970, Trần Văn Thành
1971, Lê Minh Long
1972, Võ Anh Đạt
1973, Lê Anh Đạt
1974, Nguyễn Anh Trang
1975, Lê Thị Đạt
1976, Nguyễn Văn Thành
1977, Lý Hoàng Bảo Thành
1978, Nguyễn Minh Long
1979, Lê Anh Thành
1980, Hồ Thị Đạt
1981, Hồ Văn Long
1982, Lý Anh Đạt
1983, Lý Văn Long
1984, Hồ Thị Đạt
1985, Võ Văn Thành
1986, Hồ Anh Đạt
1987, Nguyễn Văn Thành
1988, Trần Thị Trang
1989, Trần Văn Đạt
1990, Võ Thị Trang
1991, Võ Thúy Long
1992, Lê Minh Trang
1993, Lê Thúy Đạt
1994, Hồ Thị Thành
1995, Nguyễn Anh Trang
1996, Nguyễn Anh Đạt
1997, Hồ Anh Long
1998, Nguyễn Thị Long
1999, Nguyễn Thị Đạt
2000, Võ Thúy Long
2001, Lê Thị Trang
2002, Hồ Hoàng Bảo Thành
2003, Lê Minh Trang
2004, Lý Văn Trang
2005, Hồ Văn Trang
2006, Hồ Thúy Long
2007, Trần Văn Trang
2008, Trần Minh Trang
2009, Trần Văn Thành
2010, Trần Văn Trang
2011, Lê Hoàng Bảo Trang
2012, Nguyễn Anh Trang
2013, Nguyễn Anh Đạt
2014, Nguyễn Minh Thành
2015, Võ Hoàng Bảo Trang
2016, Trần Văn Trang
2017, Lý Anh Trang
2018, Lê Thị Trang
2019, Võ Văn Thành
2020, Trần Văn Đạt
2021, Lê Văn Long
2022, Trần Thúy Thành
2023, Trần Văn Long
2024, Lê Hoàng Bảo Thành
2025, Lý Anh Trang
2026, Lý Thúy Long
2027, Lý Anh Thành
2028, Võ Văn Trang
2029, Lê Văn Đạt
2030, Nguyễn Hoàng Bảo Đạt
2031, Lê Thúy Trang
2032, Trần Văn Thành
2033, Trần Anh Trang
2034, Lê Anh Đạt
2035, Nguyễn Anh Thành
2036, Lý Thúy Đạt
2037, Hồ Thị Long
2038, Nguyễn Thị Trang
2039, Lê Hoàng Bảo Trang
2040, Võ Minh Đạt
2041, Võ Anh Trang
2042, Trần Thị Đạt
2043, Lê Minh Long
2044, Trần Thị Long
2045, Lê Thúy Thành
2046, Nguyễn Anh Thành
2047, Trần Minh Đạt
2048, Nguyễn Anh Trang
2049, Lý Văn Trang
2050, Hồ Hoàng Bảo Đạt
2051, Hồ Hoàng Bảo Long
2052, Hồ Minh Long
2053, Võ Minh Trang
2054, Lý Hoàng Bảo Thành
2055, Lý Thúy Đạt
2056, Nguyễn Hoàng Bảo Long
2057, Lý Hoàng Bảo Trang
2058, Hồ Minh Trang
2059, Nguyễn Thúy Long
2060, Nguyễn Anh Trang
2061, Lý Minh Long
2062, Lý Văn Thành
2063, Hồ Thị Long
2064, Lý Hoàng Bảo Đạt
2065, Hồ Thị Trang
2066, Lê Thị Thành
2067, Hồ Anh Đạt
2068, Hồ Anh Trang
2069, Võ Thị Thành
2070, Trần Thúy Long
2071, Hồ Văn Thành
2072, Nguyễn Thị Đạt
2073, Hồ Hoàng Bảo Thành
2074, Hồ Văn Trang
2075, Nguyễn Hoàng Bảo Đạt
2076, Nguyễn Thúy Thành
2077, Trần Minh Long
2078, Trần Thị Trang
2079, Nguyễn Văn Trang
2080, Nguyễn Minh Trang
2081, Hồ Thúy Trang
2082, Lê Văn Trang
2083, Lý Hoàng Bảo Long
2084, Võ Thúy Long
2085, Võ Minh Thành
2086, Trần Hoàng Bảo Long
2087, Nguyễn Thúy Thành
2088, Lý Văn Đạt
2089, Nguyễn Anh Đạt
2090, Hồ Anh Đạt
2091, Lý Anh Long
2092, Trần Văn Thành
2093, Nguyễn Minh Thành
2094, Lý Hoàng Bảo Long
2095, Trần Thúy Long
2096, Hồ Hoàng Bảo Long
2097, Lê Thúy Trang
2098, Hồ Hoàng Bảo Thành
2099, Hồ Thị Long
2100, Võ Văn Đạt
2101, Trần Anh Trang
2102, Hồ Thúy Long
2103, Lý Thúy Trang
2104, Hồ Minh Long
2105, Trần Thị Thành
2106, Trần Anh Thành
2107, Nguyễn Anh Trang
2108, Nguyễn Minh Trang
2109, Hồ Minh Long
2110, Lý Hoàng Bảo Thành
2111, Hồ Anh Đạt
2112, Trần Thị Long
2113, Hồ Minh Long
2114, Nguyễn Thị Long
2115, Lê Thúy Long
2116, Nguyễn Văn Đạt
2117, Nguyễn Minh Đạt
2118, Hồ Thúy Thành
2119, Trần Văn Long
2120, Hồ Thị Đạt
2121, Lý Anh Thành
2122, Trần Hoàng Bảo Đạt
2123, Lý Văn Thành
2124, Nguyễn Văn Thành
2125, Hồ Minh Đạt
2126, Lý Minh Long
2127, Võ Hoàng Bảo Long
2128, Trần Anh Đạt
2129, Hồ Hoàng Bảo Đạt
2130, Hồ Thị Đạt
2131, Nguyễn Anh Thành
2132, Trần Anh Long
2133, Hồ Anh Thành
2134, Trần Thị Thành
2135, Võ Hoàng Bảo Đạt
2136, Trần Minh Thành
2137, Nguyễn Thúy Trang
2138, Lê Hoàng Bảo Thành
2139, Võ Minh Long
2140, Võ Thúy Thành
2141, Võ Minh Long
2142, Võ Minh Thành
2143, Lê Hoàng Bảo Đạt
2144, Lý Minh Trang
2145, Nguyễn Minh Trang
2146, Nguyễn Văn Long
2147, Lý Văn Đạt
2148, Hồ Thúy Long
2149, Lý Văn Long
2150, Lý Văn Long
2151, Võ Văn Thành
2152, Hồ Hoàng Bảo Long
2153, Lê Văn Thành
2154, Trần Minh Đạt
2155, Lý Minh Thành
2156, Lý Minh Trang
2157, Trần Văn Long
2158, Trần Minh Long
2159, Hồ Văn Đạt
2160, Võ Thị Long
2161, Hồ Anh Trang
2162, Lê Anh Trang
2163, Trần Minh Trang
2164, Lê Anh Thành
2165, Võ Thúy Thành
2166, Lê Anh Trang
2167, Nguyễn Thị Đạt
2168, Lê Thúy Long
2169, Võ Thị Trang
2170, Lý Hoàng Bảo Thành
2171, Lý Thị Trang
2172, Hồ Thúy Long
2173, Lý Anh Thành
2174, Lý Văn Long
2175, Võ Thúy Đạt
2176, Lê Thúy Long
2177, Võ Minh Trang
2178, Lê Anh Thành
2179, Nguyễn Minh Trang
2180, Trần Văn Trang
2181, Lê Thị Trang
2182, Lý Thị Đạt
2183, Lý Văn Đạt
2184, Nguyễn Anh Đạt
2185, Võ Anh Thành
2186, Nguyễn Hoàng Bảo Trang
2187, Võ Anh Long
2188, Lý Anh Trang
2189, Trần Hoàng Bảo Thành
2190, Hồ Thị Long
2191, Lý Anh Long
2192, Trần Thị Thành
2193, Hồ Thúy Long
2194, Trần Hoàng Bảo Đạt
2195, Võ Thị Thành
2196, Lý Văn Long
2197, Nguyễn Văn Đạt
2198, Lý Thúy Long
2199, Lê Thúy Đạt
2200, Hồ Hoàng Bảo Long
2201, Võ Anh Long
2202, Hồ Hoàng Bảo Thành
2203, Nguyễn Thúy Trang
2204, Lý Minh Đạt
2205, Trần Hoàng Bảo Trang
2206, Lý Anh Trang
2207, Lê Thị Trang
2208, Lê Anh Long
2209, Nguyễn Văn Thành
2210, Trần Minh Đạt
2211, Lý Văn Đạt
2212, Trần Anh Thành
2213, Võ Thúy Đạt
2214, Hồ Thị Đạt
2215, Nguyễn Thúy Long
2216, Lê Thị Long
2217, Lê Anh Đạt
2218, Lý Thị Trang
2219, Nguyễn Thúy Trang
2220, Võ Thúy Long
2221, Lý Thị Trang
2222, Lý Văn Đạt
2223, Trần Anh Thành
2224, Võ Hoàng Bảo Trang
2225, Hồ Thị Long
2226, Võ Thúy Đạt
2227, Trần Hoàng Bảo Long
2228, Võ Thúy Đạt
2229, Nguyễn Minh Thành
2230, Hồ Hoàng Bảo Trang
2231, Hồ Hoàng Bảo Thành
2232, Nguyễn Minh Trang
2233, Nguyễn Minh Thành
2234, Võ Anh Thành
2235, Trần Thúy Long
2236, Lý Minh Long
2237, Võ Thị Đạt
2238, Võ Thúy Trang
2239, Trần Thị Trang
2240, Lý Văn Đạt
2241, Lý Anh Thành
2242, Lý Hoàng Bảo Đạt
2243, Nguyễn Văn Long
2244, Trần Hoàng Bảo Thành
2245, Lý Thúy Thành
2246, Hồ Minh Trang
2247, Nguyễn Hoàng Bảo Thành
2248, Võ Thị Thành
2249, Nguyễn Anh Thành
2250, Lê Văn Trang
2251, Trần Minh Thành
2252, Trần Thúy Long
2253, Nguyễn Thị Trang
2254, Lê Thúy Đạt
2255, Trần Hoàng Bảo Trang
2256, Võ Anh Long
2257, Nguyễn Văn Thành
2258, Trần Văn Đạt
2259, Trần Thúy Trang
2260, Lý Hoàng Bảo Đạt
2261, Hồ Thị Long
2262, Nguyễn Thúy Thành
2263, Trần Thị Long
2264, Nguyễn Thúy Long
2265, Lê Thúy Long
2266, Trần Anh Trang
2267, Hồ Thị Trang
2268, Võ Anh Trang
2269, Nguyễn Minh Đạt
2270, Hồ Thị Đạt
2271, Võ Thị Thành
2272, Võ Hoàng Bảo Long
2273, Trần Hoàng Bảo Long
2274, Trần Thúy Trang
2275, Lê Thị Thành
2276, Nguyễn Anh Đạt
2277, Lý Văn Đạt
2278, Lê Thúy Long
2279, Lý Thị Thành
2280, Trần Thúy Đạt
2281, Lý Anh Thành
2282, Nguyễn Minh Đạt
2283, Trần Thúy Trang
2284, Lê Minh Thành
2285, Lý Thúy Đạt
2286, Lý Hoàng Bảo Long
2287, Lý Minh Thành
2288, Nguyễn Thúy Trang
2289, Nguyễn Thị Long
2290, Lê Thúy Thành
2291, Lý Anh Thành
2292, Lê Hoàng Bảo Trang
2293, Lê Thúy Trang
2294, Trần Minh Long
2295, Trần Văn Thành
2296, Lý Thị Đạt
2297, Võ Thị Thành
2298, Võ Văn Trang
2299, Nguyễn Hoàng Bảo Đạt
2300, Trần Hoàng Bảo Thành
2301, Lê Anh Đạt
2302, Nguyễn Văn Đạt
2303, Nguyễn Thúy Thành
2304, Trần Thị Thành
2305, Lê Thị Long
2306, Nguyễn Anh Long
2307, Võ Hoàng Bảo Thành
2308, Nguyễn Minh Long
2309, Trần Anh Trang
2310, Lê Thị Đạt
2311, Võ Hoàng Bảo Thành
2312, Trần Hoàng Bảo Đạt
2313, Nguyễn Anh Long
2314, Nguyễn Hoàng Bảo Đạt
2315, Lê Văn Trang
2316, Võ Anh Trang
2317, Hồ Anh Đạt
2318, Võ Văn Long
2319, Nguyễn Anh Trang
2320, Hồ Thúy Trang
2321, Lê Anh Long
2322, Trần Văn Long
2323, Hồ Anh Thành
2324, Võ Thúy Thành
2325, Nguyễn Anh Thành
2326, Võ Thị Long
2327, Hồ Thúy Long
2328, Nguyễn Văn Long
2329, Hồ Văn Đạt
2330, Lê Thúy Trang
2331, Hồ Văn Trang
2332, Hồ Anh Long
2333, Võ Anh Thành
2334, Nguyễn Hoàng Bảo Đạt
2335, Nguyễn Thị Thành
2336, Trần Minh Thành
2337, Lê Minh Đạt
2338, Lê Minh Đạt
2339, Võ Văn Trang
2340, Lê Anh Long
2341, Võ Anh Trang
2342, Hồ Anh Trang
2343, Hồ Thị Trang
2344, Võ Minh Đạt
2345, Trần Anh Long
2346, Trần Minh Đạt
2347, Võ Thị Đạt
2348, Lê Thị Thành
2349, Nguyễn Thị Trang
2350, Lê Hoàng Bảo Thành
2351, Trần Văn Trang
2352, Võ Minh Đạt
2353, Võ Anh Trang
2354, Hồ Anh Thành
2355, Trần Thị Trang
2356, Nguyễn Thị Thành
2357, Lý Thị Trang
2358, Lý Hoàng Bảo Long
2359, Lê Hoàng Bảo Trang
2360, Lý Thúy Long
2361, Lý Hoàng Bảo Trang
2362, Hồ Anh Trang
2363, Trần Anh Long
2364, Hồ Anh Long
2365, Lý Hoàng Bảo Đạt
2366, Trần Anh Thành
2367, Nguyễn Hoàng Bảo Thành
2368, Võ Hoàng Bảo Đạt
2369, Nguyễn Thúy Trang
2370, Trần Anh Long
2371, Lê Minh Long
2372, Trần Hoàng Bảo Trang
2373, Nguyễn Văn Thành
2374, Trần Thị Trang
2375, Hồ Anh Trang
2376, Trần Hoàng Bảo Đạt
2377, Nguyễn Anh Thành
2378, Võ Anh Đạt
2379, Trần Văn Trang
2380, Nguyễn Văn Long
2381, Trần Văn Thành
2382, Võ Văn Trang
2383, Võ Anh Long
2384, Nguyễn Văn Long
2385, Lê Hoàng Bảo Trang
2386, Lý Minh Đạt
2387, Võ Hoàng Bảo Trang
2388, Lê Minh Long
2389, Nguyễn Thị Long
2390, Nguyễn Thị Đạt
2391, Lý Văn Đạt
2392, Nguyễn Anh Thành
2393, Nguyễn Văn Thành
2394, Lê Hoàng Bảo Thành
2395, Võ Văn Đạt
2396, Trần Minh Trang
2397, Nguyễn Văn Trang
2398, Lê Thị Đạt
2399, Trần Hoàng Bảo Trang
2400, Lý Thúy Thành
2401, Hồ Anh Long
2402, Lê Anh Long
2403, Võ Hoàng Bảo Trang
2404, Võ Hoàng Bảo Đạt
2405, Hồ Minh Trang
2406, Võ Anh Trang
2407, Trần Thị Trang
2408, Trần Minh Thành
2409, Nguyễn Thúy Thành
2410, Võ Minh Trang
2411, Nguyễn Thúy Thành
2412, Nguyễn Văn Long
2413, Hồ Thị Trang
2414, Trần Thúy Long
2415, Lê Văn Đạt
2416, Trần Minh Long
2417, Lê Minh Long
2418, Võ Hoàng Bảo Long
2419, Hồ Minh Trang
2420, Hồ Minh Trang
2421, Hồ Văn Đạt
2422, Hồ Thị Thành
2423, Trần Minh Long
2424, Trần Văn Đạt
2425, Lý Thúy Đạt
2426, Lý Minh Đạt
2427, Trần Thị Trang
2428, Nguyễn Minh Trang
2429, Võ Thị Trang
2430, Lê Hoàng Bảo Trang
2431, Lê Thị Đạt
2432, Lê Anh Thành
2433, Võ Hoàng Bảo Long
2434, Võ Văn Đạt
2435, Võ Anh Thành
2436, Hồ Anh Long
2437, Trần Văn Trang
2438, Võ Minh Đạt
2439, Trần Anh Long
2440, Lý Anh Long
2441, Nguyễn Thị Đạt
2442, Lê Văn Đạt
2443, Hồ Văn Thành
2444, Lê Hoàng Bảo Trang
2445, Lê Hoàng Bảo Thành
2446, Lý Anh Đạt
2447, Nguyễn Anh Đạt
2448, Trần Thúy Thành
2449, Lý Thúy Trang
2450, Lê Hoàng Bảo Thành
2451, Võ Thúy Long
2452, Hồ Thúy Thành
2453, Hồ Minh Long
2454, Lê Thúy Thành
2455, Lê Văn Đạt
2456, Hồ Hoàng Bảo Long
2457, Lê Hoàng Bảo Trang
2458, Nguyễn Anh Đạt
2459, Võ Thị Trang
2460, Lý Minh Đạt
2461, Nguyễn Thúy Trang
2462, Hồ Minh Trang
2463, Trần Thúy Long
2464, Lê Anh Trang
2465, Hồ Thị Long
2466, Hồ Anh Đạt
2467, Võ Thúy Trang
2468, Trần Anh Thành
2469, Võ Hoàng Bảo Thành
2470, Lê Hoàng Bảo Thành
2471, Hồ Hoàng Bảo Long
2472, Nguyễn Anh Trang
2473, Nguyễn Minh Long
2474, Lý Thúy Đạt
2475, Lê Thúy Đạt
2476, Hồ Anh Trang
2477, Lê Thị Đạt
2478, Hồ Minh Trang
2479, Võ Hoàng Bảo Long
2480, Lý Anh Thành
2481, Lê Anh Đạt
2482, Lê Minh Long
2483, Nguyễn Thị Thành
2484, Trần Hoàng Bảo Thành
2485, Võ Thị Long
2486, Võ Thúy Đạt
2487, Hồ Hoàng Bảo Đạt
2488, Võ Thúy Đạt
2489, Lý Hoàng Bảo Thành
2490, Hồ Minh Đạt
2491, Lý Thúy Thành
2492, Nguyễn Văn Thành
2493, Lý Hoàng Bảo Đạt
2494, Nguyễn Anh Long
2495, Lý Thị Thành
2496, Hồ Anh Thành
2497, Lê Hoàng Bảo Thành
2498, Lê Anh Trang
2499, Lý Văn Long
2500, Hồ Anh Đạt
2501, Lê Anh Trang
2502, Lê Văn Đạt
2503, Trần Thúy Thành
2504, Lý Văn Long
2505, Lê Hoàng Bảo Thành
2506, Võ Thị Long
2507, Trần Thị Trang
2508, Hồ Thị Trang
2509, Lê Hoàng Bảo Thành
2510, Lý Thị Thành
2511, Võ Thúy Trang
2512, Hồ Hoàng Bảo Long
2513, Võ Anh Long
2514, Lý Văn Đạt
2515, Trần Thị Đạt
2516, Lý Anh Thành
2517, Nguyễn Thúy Trang
2518, Võ Minh Trang
2519, Lê Thúy Long
2520, Lê Thị Đạt
2521, Trần Thúy Đạt
2522, Hồ Văn Trang
2523, Lý Thị Long
2524, Nguyễn Thúy Thành
2525, Trần Thị Trang
2526, Lý Thị Đạt
2527, Võ Thúy Đạt
2528, Hồ Anh Đạt
2529, Lý Thị Thành
2530, Nguyễn Thúy Trang
2531, Lê Minh Long
2532, Lý Văn Long
2533, Nguyễn Anh Thành
2534, Nguyễn Hoàng Bảo Thành
2535, Lê Hoàng Bảo Đạt
2536, Võ Thúy Trang
2537, Lê Hoàng Bảo Trang
2538, Hồ Minh Long
2539, Lê Văn Thành
2540, Lý Hoàng Bảo Trang
2541, Võ Hoàng Bảo Đạt
2542, Lý Hoàng Bảo Long
2543, Lý Anh Đạt
2544, Lý Thị Đạt
2545, Trần Hoàng Bảo Long
2546, Trần Văn Trang
2547, Lý Anh Trang
2548, Lý Văn Long
2549, Trần Văn Long
2550, Võ Minh Thành
2551, Võ Anh Thành
2552, Lý Minh Đạt
2553, Võ Thị Đạt
2554, Võ Thị Long
2555, Lý Thị Trang
2556, Nguyễn Minh Đạt
2557, Lê Anh Thành
2558, Võ Văn Thành
2559, Võ Anh Long
2560, Lê Văn Long
2561, Lê Thị Trang
2562, Võ Thị Đạt
2563, Hồ Hoàng Bảo Trang
2564, Trần Văn Long
2565, Võ Anh Trang
2566, Lý Hoàng Bảo Thành
2567, Hồ Minh Trang
2568, Lý Văn Trang
2569, Lý Thúy Đạt
2570, Trần Anh Đạt
2571, Lý Anh Long
2572, Lý Hoàng Bảo Long
2573, Võ Văn Trang
2574, Nguyễn Anh Trang
2575, Lý Thị Thành
2576, Trần Minh Đạt
2577, Lê Minh Long
2578, Nguyễn Thị Long
2579, Lê Thúy Đạt
2580, Lý Văn Long
2581, Lê Thị Đạt
2582, Võ Thúy Trang
2583, Lê Minh Long
2584, Lý Hoàng Bảo Trang
2585, Lê Thúy Thành
2586, Nguyễn Anh Thành
2587, Hồ Văn Long
2588, Lý Anh Đạt
2589, Hồ Văn Đạt
2590, Lý Hoàng Bảo Thành
2591, Lê Minh Long
2592, Võ Hoàng Bảo Long
2593, Lý Hoàng Bảo Trang
2594, Lê Hoàng Bảo Đạt
2595, Võ Thị Đạt
2596, Lê Minh Long
2597, Lý Thị Đạt
2598, Lê Thúy Trang
2599, Nguyễn Thúy Đạt
2600, Hồ Thị Đạt
2601, Hồ Minh Đạt
2602, Lý Minh Thành
2603, Trần Văn Trang
2604, Trần Anh Thành
2605, Nguyễn Anh Trang
2606, Trần Văn Đạt
2607, Lý Hoàng Bảo Trang
2608, Lý Anh Thành
2609, Lý Thị Thành
2610, Võ Hoàng Bảo Thành
2611, Lê Văn Trang
2612, Nguyễn Thúy Long
2613, Hồ Văn Long
2614, Trần Thị Thành
2615, Trần Thị Long
2616, Hồ Văn Trang
2617, Lý Văn Trang
2618, Hồ Thúy Long
2619, Võ Thị Long
2620, Nguyễn Thúy Đạt
2621, Lê Hoàng Bảo Long
2622, Hồ Hoàng Bảo Đạt
2623, Lê Minh Thành
2624, Hồ Hoàng Bảo Thành
2625, Võ Anh Long
2626, Nguyễn Thị Long
2627, Lý Anh Trang
2628, Nguyễn Anh Long
2629, Lê Thúy Long
2630, Lý Văn Đạt
2631, Hồ Anh Long
2632, Lý Văn Đạt
2633, Võ Anh Thành
2634, Võ Hoàng Bảo Trang
2635, Lý Hoàng Bảo Long
2636, Trần Thúy Thành
2637, Lý Thúy Thành
2638, Võ Anh Thành
2639, Lê Thị Trang
2640, Võ Anh Trang
2641, Trần Minh Đạt
2642, Hồ Hoàng Bảo Đạt
2643, Hồ Anh Thành
2644, Trần Minh Đạt
2645, Hồ Văn Trang
2646, Lý Văn Thành
2647, Nguyễn Minh Thành
2648, Nguyễn Hoàng Bảo Thành
2649, Lý Minh Long
2650, Nguyễn Minh Thành
2651, Võ Anh Thành
2652, Võ Văn Trang
2653, Trần Hoàng Bảo Trang
2654, Nguyễn Văn Long
2655, Lê Anh Long
2656, Nguyễn Thị Đạt
2657, Lê Anh Đạt
2658, Nguyễn Hoàng Bảo Thành
2659, Hồ Thị Long
2660, Lê Hoàng Bảo Long
2661, Trần Thúy Thành
2662, Hồ Hoàng Bảo Long
2663, Lý Thị Long
2664, Võ Hoàng Bảo Long
2665, Trần Thị Thành
2666, Hồ Thị Long
2667, Hồ Anh Đạt
2668, Lê Anh Long
2669, Lý Thúy Long
2670, Nguyễn Minh Đạt
2671, Võ Thúy Đạt
2672, Nguyễn Thúy Trang
2673, Nguyễn Thúy Long
2674, Lý Hoàng Bảo Thành
2675, Nguyễn Anh Long
2676, Lý Thúy Long
2677, Lý Thúy Thành
2678, Nguyễn Anh Long
2679, Võ Thị Đạt
2680, Lý Văn Long
2681, Lê Hoàng Bảo Đạt
2682, Lê Hoàng Bảo Đạt
2683, Lê Anh Long
2684, Lý Văn Thành
2685, Lý Thị Trang
2686, Nguyễn Văn Trang
2687, Nguyễn Thị Đạt
2688, Nguyễn Thị Thành
2689, Võ Hoàng Bảo Thành
2690, Lê Thị Đạt
2691, Hồ Thúy Long
2692, Võ Minh Thành
2693, Võ Hoàng Bảo Long
2694, Nguyễn Thúy Long
2695, Lê Thị Đạt
2696, Hồ Thị Thành
2697, Lý Minh Thành
2698, Lý Anh Đạt
2699, Võ Hoàng Bảo Trang
2700, Lý Thị Trang
2701, Nguyễn Hoàng Bảo Đạt
2702, Lý Văn Long
2703, Nguyễn Anh Trang
2704, Lê Minh Đạt
2705, Trần Thị Đạt
2706, Lý Minh Long
2707, Nguyễn Văn Đạt
2708, Nguyễn Hoàng Bảo Đạt
2709, Lê Anh Trang
2710, Lê Hoàng Bảo Đạt
2711, Lê Thị Thành
2712, Lý Anh Đạt
2713, Trần Hoàng Bảo Đạt
2714, Nguyễn Anh Long
2715, Hồ Minh Thành
2716, Nguyễn Văn Long
2717, Lý Minh Long
2718, Trần Thị Đạt
2719, Nguyễn Văn Thành
2720, Nguyễn Văn Thành
2721, Trần Văn Thành
2722, Nguyễn Thị Đạt
2723, Lê Văn Trang
2724, Hồ Anh Long
2725, Lý Anh Đạt
2726, Trần Thị Trang
2727, Trần Thúy Trang
2728, Lê Anh Đạt
2729, Hồ Minh Thành
2730, Võ Thị Đạt
2731, Trần Thị Trang
2732, Lê Minh Long
2733, Lê Minh Long
2734, Lê Thị Long
2735, Võ Thúy Long
2736, Nguyễn Văn Trang
2737, Hồ Hoàng Bảo Trang
2738, Hồ Anh Trang
2739, Lý Minh Đạt
2740, Trần Thị Trang
2741, Trần Văn Long
2742, Võ Thị Đạt
2743, Lê Hoàng Bảo Thành
2744, Hồ Thúy Đạt
2745, Lê Anh Đạt
2746, Trần Anh Long
2747, Hồ Hoàng Bảo Long
2748, Hồ Minh Đạt
2749, Hồ Văn Long
2750, Trần Anh Đạt
2751, Nguyễn Văn Thành
2752, Trần Văn Thành
2753, Lý Thị Đạt
2754, Trần Hoàng Bảo Thành
2755, Trần Thị Đạt
2756, Trần Thị Trang
2757, Võ Hoàng Bảo Long
2758, Lý Thúy Thành
2759, Hồ Hoàng Bảo Thành
2760, Lý Anh Đạt
2761, Nguyễn Minh Long
2762, Hồ Thị Long
2763, Hồ Thị Thành
2764, Trần Anh Trang
2765, Lý Minh Đạt
2766, Nguyễn Văn Đạt
2767, Trần Hoàng Bảo Đạt
2768, Võ Hoàng Bảo Thành
2769, Nguyễn Văn Thành
2770, Lý Thị Long
2771, Trần Thúy Thành
2772, Hồ Văn Trang
2773, Trần Thị Thành
2774, Võ Hoàng Bảo Thành
2775, Võ Hoàng Bảo Trang
2776, Võ Minh Thành
2777, Nguyễn Anh Thành
2778, Lý Thúy Long
2779, Nguyễn Thúy Đạt
2780, Lê Minh Long
2781, Lý Thị Long
2782, Nguyễn Thị Thành
2783, Hồ Anh Trang
2784, Hồ Thị Trang
2785, Hồ Hoàng Bảo Long
2786, Nguyễn Hoàng Bảo Thành
2787, Võ Thúy Đạt
2788, Lê Thúy Đạt
2789, Trần Thị Trang
2790, Võ Thị Long
2791, Nguyễn Văn Đạt
2792, Trần Thị Long
2793, Nguyễn Anh Thành
2794, Nguyễn Hoàng Bảo Đạt
2795, Nguyễn Hoàng Bảo Trang
2796, Lê Văn Long
2797, Lê Thị Thành
2798, Trần Hoàng Bảo Long
2799, Võ Hoàng Bảo Thành
2800, Lý Anh Trang
2801, Nguyễn Minh Thành
2802, Lê Thị Long
2803, Lý Thúy Trang
2804, Lý Văn Thành
2805, Võ Thúy Thành
2806, Trần Minh Trang
2807, Trần Minh Đạt
2808, Lý Minh Trang
2809, Nguyễn Anh Trang
2810, Trần Thúy Long
2811, Võ Hoàng Bảo Thành
2812, Võ Hoàng Bảo Đạt
2813, Trần Minh Long
2814, Nguyễn Thị Đạt
2815, Lý Văn Trang
2816, Lý Minh Long
2817, Trần Anh Trang
2818, Hồ Thị Long
2819, Hồ Hoàng Bảo Thành
2820, Nguyễn Thị Trang
2821, Trần Anh Long
2822, Nguyễn Văn Trang
2823, Trần Anh Thành
2824, Trần Anh Thành
2825, Nguyễn Văn Trang
2826, Trần Văn Đạt
2827, Hồ Minh Thành
2828, Võ Hoàng Bảo Đạt
2829, Lý Văn Đạt
2830, Lý Thị Trang
2831, Nguyễn Hoàng Bảo Long
2832, Lê Anh Long
2833, Trần Thúy Đạt
2834, Võ Minh Long
2835, Nguyễn Hoàng Bảo Đạt
2836, Nguyễn Thị Long
2837, Lý Minh Đạt
2838, Lý Anh Trang
2839, Trần Hoàng Bảo Thành
2840, Lý Thị Long
2841, Võ Anh Trang
2842, Lê Hoàng Bảo Trang
2843, Nguyễn Thúy Long
2844, Lê Thúy Đạt
2845, Nguyễn Văn Thành
2846, Võ Văn Thành
2847, Võ Hoàng Bảo Trang
2848, Võ Thị Thành
2849, Lê Văn Thành
2850, Võ Minh Thành
2851, Nguyễn Hoàng Bảo Trang
2852, Hồ Hoàng Bảo Thành
2853, Lý Anh Long
2854, Võ Văn Thành
2855, Lý Văn Thành
2856, Võ Anh Đạt
2857, Lê Thúy Long
2858, Lê Hoàng Bảo Trang
2859, Hồ Hoàng Bảo Đạt
2860, Lê Anh Thành
2861, Lý Minh Trang
2862, Lý Minh Đạt
2863, Lê Thúy Trang
2864, Trần Văn Long
2865, Lê Hoàng Bảo Thành
2866, Lê Văn Long
2867, Nguyễn Minh Long
2868, Trần Thị Trang
2869, Hồ Thúy Thành
2870, Võ Minh Thành
2871, Nguyễn Thúy Thành
2872, Nguyễn Anh Long
2873, Lý Anh Đạt
2874, Lê Anh Long
2875, Trần Thúy Thành
2876, Võ Hoàng Bảo Thành
2877, Nguyễn Hoàng Bảo Trang
2878, Lý Hoàng Bảo Trang
2879, Võ Thúy Long
2880, Lê Hoàng Bảo Trang
2881, Hồ Anh Trang
2882, Nguyễn Thúy Long
2883, Lý Thị Trang
2884, Võ Hoàng Bảo Đạt
2885, Trần Thúy Thành
2886, Nguyễn Anh Thành
2887, Lê Minh Thành
2888, Trần Hoàng Bảo Thành
2889, Lý Anh Thành
2890, Lê Văn Đạt
2891, Trần Minh Thành
2892, Nguyễn Văn Long
2893, Nguyễn Thị Long
2894, Võ Anh Thành
2895, Nguyễn Hoàng Bảo Đạt
2896, Nguyễn Hoàng Bảo Long
2897, Lê Minh Long
2898, Lê Anh Đạt
2899, Trần Anh Đạt
2900, Nguyễn Minh Thành
2901, Lê Thị Long
2902, Lý Thị Trang
2903, Hồ Văn Trang
2904, Võ Hoàng Bảo Thành
2905, Lý Văn Trang
2906, Lý Minh Long
2907, Nguyễn Văn Trang
2908, Nguyễn Hoàng Bảo Đạt
2909, Lý Thúy Đạt
2910, Nguyễn Anh Trang
2911, Trần Minh Đạt
2912, Lê Văn Long
2913, Lý Minh Thành
2914, Nguyễn Thị Trang
2915, Lý Minh Long
2916, Lê Anh Đạt
2917, Trần Anh Trang
2918, Hồ Hoàng Bảo Thành
2919, Hồ Minh Trang
2920, Hồ Văn Thành
2921, Lê Văn Long
2922, Trần Thúy Trang
2923, Trần Thúy Thành
2924, Võ Anh Thành
2925, Võ Thúy Thành
2926, Hồ Hoàng Bảo Long
2927, Trần Văn Thành
2928, Lý Văn Long
2929, Võ Thị Thành
2930, Lý Thị Long
2931, Lê Thúy Long
2932, Hồ Minh Thành
2933, Lý Thị Long
2934, Võ Thị Thành
2935, Trần Hoàng Bảo Long
2936, Nguyễn Thúy Thành
2937, Trần Anh Thành
2938, Lý Thị Đạt
2939, Nguyễn Văn Đạt
2940, Võ Anh Thành
2941, Trần Thị Trang
2942, Trần Hoàng Bảo Long
2943, Trần Thị Trang
2944, Lý Văn Long
2945, Lý Thúy Long
2946, Võ Thúy Long
2947, Trần Văn Thành
2948, Lê Minh Thành
2949, Trần Hoàng Bảo Đạt
2950, Hồ Minh Long
2951, Trần Thúy Trang
2952, Hồ Anh Trang
2953, Nguyễn Văn Thành
2954, Võ Hoàng Bảo Trang
2955, Hồ Thị Trang
2956, Trần Hoàng Bảo Thành
2957, Lý Hoàng Bảo Đạt
2958, Lý Thúy Trang
2959, Trần Anh Trang
2960, Lê Hoàng Bảo Đạt
2961, Nguyễn Anh Thành
2962, Lê Thị Long
2963, Nguyễn Hoàng Bảo Long
2964, Lê Anh Thành
2965, Võ Anh Long
2966, Trần Hoàng Bảo Long
2967, Lê Thị Đạt
2968, Võ Anh Long
2969, Lý Văn Trang
2970, Nguyễn Văn Đạt
2971, Nguyễn Thúy Long
2972, Trần Hoàng Bảo Thành
2973, Võ Minh Trang
2974, Nguyễn Hoàng Bảo Trang
2975, Võ Thị Thành
2976, Hồ Anh Trang
2977, Lê Anh Thành
2978, Nguyễn Thúy Thành
2979, Lý Hoàng Bảo Đạt
2980, Nguyễn Văn Đạt
2981, Lý Hoàng Bảo Đạt
2982, Lê Thị Trang
2983, Hồ Thúy Đạt
2984, Nguyễn Hoàng Bảo Long
2985, Hồ Minh Trang
2986, Võ Minh Đạt
2987, Lý Văn Trang
2988, Trần Thị Long
2989, Lê Minh Thành
2990, Nguyễn Minh Trang
2991, Nguyễn Văn Thành
2992, Trần Thị Thành
2993, Nguyễn Hoàng Bảo Long
2994, Nguyễn Văn Đạt
2995, Trần Hoàng Bảo Trang
2996, Lý Hoàng Bảo Trang
2997, Lý Văn Trang
2998, Hồ Minh Thành
2999, Võ Hoàng Bảo Long
